[16авг.2025 18:17:51.348] [main/INFO] [cpw.mods.modlauncher.Launcher/MODLAUNCHER]: ModLauncher running: args [--launchTarget, forgeclientuserdev, --version, 21.1.65, --assetIndex, 17, --assetsDir, C:\\Users\\delta\\.gradle\\caches\\neoformruntime\\assets, --gameDir, ., --fml.neoForgeVersion, 21.1.65, --fml.fmlVersion, 4.0.24, --fml.mcVersion, 1.21.1, --fml.neoFormVersion, 20240808.144430]
[16авг.2025 18:17:51.351] [main/INFO] [cpw.mods.modlauncher.Launcher/MODLAUNCHER]: JVM identified as Oracle Corporation Java HotSpot(TM) 64-Bit Server VM 21.0.6+8-LTS-188
[16авг.2025 18:17:51.354] [main/INFO] [cpw.mods.modlauncher.Launcher/MODLAUNCHER]: ModLauncher 11.0.4+main.d2e20e43 starting: java version 21.0.6 by Oracle Corporation; OS Windows 11 arch amd64 version 10.0
[16авг.2025 18:17:51.375] [main/DEBUG] [cpw.mods.modlauncher.LaunchServiceHandler/MODLAUNCHER]: Found launch services [minecraft,forgeclient,forgedatauserdev,testharness,forgeserverdev,forgeserveruserdev,forgejunitdev,forgeclientdev,forgeclientuserdev,forgeserver,forgejunituserdev,forgedatadev]
[16авг.2025 18:17:51.396] [main/DEBUG] [cpw.mods.modlauncher.LaunchPluginHandler/MODLAUNCHER]: Found launch plugins: [mixin,slf4jfixer,runtime_enum_extender,accesstransformer,runtimedistcleaner]
[16авг.2025 18:17:51.406] [main/DEBUG] [cpw.mods.modlauncher.TransformationServicesHandler/MODLAUNCHER]: Discovering transformation services
[16авг.2025 18:17:51.412] [main/DEBUG] [net.neoforged.fml.loading.FMLPaths/CORE]: Path GAMEDIR is Z:\MCreatorWorkspaces\praporupdate\run
[16авг.2025 18:17:51.413] [main/DEBUG] [net.neoforged.fml.loading.FMLPaths/CORE]: Path MODSDIR is Z:\MCreatorWorkspaces\praporupdate\run\mods
[16авг.2025 18:17:51.413] [main/DEBUG] [net.neoforged.fml.loading.FMLPaths/CORE]: Path CONFIGDIR is Z:\MCreatorWorkspaces\praporupdate\run\config
[16авг.2025 18:17:51.413] [main/DEBUG] [net.neoforged.fml.loading.FMLPaths/CORE]: Path FMLCONFIG is Z:\MCreatorWorkspaces\praporupdate\run\config\fml.toml
[16авг.2025 18:17:51.461] [main/DEBUG] [net.neoforged.fml.loading.targets.CommonLaunchHandler/CORE]: Got mod coordinates testproject%%Z:\MCreatorWorkspaces\praporupdate\build\classes\java\main;testproject%%Z:\MCreatorWorkspaces\praporupdate\build\resources\main from env
[16авг.2025 18:17:51.463] [main/DEBUG] [net.neoforged.fml.loading.targets.CommonLaunchHandler/CORE]: Found supplied mod coordinates [{testproject=[Z:\MCreatorWorkspaces\praporupdate\build\classes\java\main, Z:\MCreatorWorkspaces\praporupdate\build\resources\main]}]
[16авг.2025 18:17:51.467] [main/DEBUG] [cpw.mods.modlauncher.TransformationServicesHandler/MODLAUNCHER]: Found additional transformation services from discovery services: 
[16авг.2025 18:17:51.476] [main/INFO] [net.neoforged.fml.loading.ImmediateWindowHandler/]: Loading ImmediateWindowProvider fmlearlywindow
[16авг.2025 18:17:51.590] [main/INFO] [EARLYDISPLAY/]: Trying GL version 4.6
[16авг.2025 18:17:51.754] [main/INFO] [EARLYDISPLAY/]: Requested GL version 4.6 got version 4.6
[16авг.2025 18:17:51.805] [main/DEBUG] [cpw.mods.modlauncher.TransformationServicesHandler/MODLAUNCHER]: Found transformer services : [mixin,fml]
[16авг.2025 18:17:51.805] [main/DEBUG] [cpw.mods.modlauncher.TransformationServicesHandler/MODLAUNCHER]: Transformation services loading
[16авг.2025 18:17:51.806] [main/DEBUG] [cpw.mods.modlauncher.TransformationServiceDecorator/MODLAUNCHER]: Loading service mixin
[16авг.2025 18:17:51.806] [main/DEBUG] [cpw.mods.modlauncher.TransformationServiceDecorator/MODLAUNCHER]: Loaded service mixin
[16авг.2025 18:17:51.807] [main/DEBUG] [cpw.mods.modlauncher.TransformationServiceDecorator/MODLAUNCHER]: Loading service fml
[16авг.2025 18:17:51.808] [main/DEBUG] [net.neoforged.fml.loading.FMLLoader/CORE]: FML 4.0.24 loading
[16авг.2025 18:17:51.808] [main/DEBUG] [net.neoforged.fml.loading.FMLLoader/CORE]: FML found ModLauncher version : 11.0.4+main.d2e20e43
[16авг.2025 18:17:51.808] [main/DEBUG] [net.neoforged.fml.loading.FMLLoader/CORE]: FML found AccessTransformer version : 10.0.1+139da711
[16авг.2025 18:17:51.810] [main/DEBUG] [net.neoforged.fml.loading.FMLLoader/CORE]: FML found EventBus version : null
[16авг.2025 18:17:51.810] [main/DEBUG] [net.neoforged.fml.loading.FMLLoader/CORE]: Found Runtime Dist Cleaner
[16авг.2025 18:17:51.811] [main/DEBUG] [cpw.mods.modlauncher.TransformationServiceDecorator/MODLAUNCHER]: Loaded service fml
[16авг.2025 18:17:51.812] [main/DEBUG] [cpw.mods.modlauncher.TransformationServicesHandler/MODLAUNCHER]: Configuring option handling for services
[16авг.2025 18:17:51.830] [main/DEBUG] [net.neoforged.fml.loading.FMLServiceProvider/CORE]: Received command line version data  : VersionInfo[neoForgeVersion=21.1.65, fmlVersion=4.0.24, mcVersion=1.21.1, neoFormVersion=20240808.144430]
[16авг.2025 18:17:51.830] [main/DEBUG] [cpw.mods.modlauncher.TransformationServicesHandler/MODLAUNCHER]: Transformation services initializing
[16авг.2025 18:17:51.833] [main/DEBUG] [cpw.mods.modlauncher.TransformationServiceDecorator/MODLAUNCHER]: Initializing transformation service mixin
[16авг.2025 18:17:51.858] [main/DEBUG] [mixin/]: MixinService [ModLauncher] was successfully booted in cpw.mods.cl.ModuleClassLoader@229f66ed
[16авг.2025 18:17:51.872] [main/INFO] [mixin/]: SpongePowered MIXIN Subsystem Version=0.8.7 Source=union:/C:/Users/delta/.gradle/caches/modules-2/files-2.1/net.fabricmc/sponge-mixin/0.15.2+mixin.0.8.7/2af2f021d8e02a0220dc27a7a72b4666d66d44ca/sponge-mixin-0.15.2+mixin.0.8.7.jar%23131!/ Service=ModLauncher Env=CLIENT
[16авг.2025 18:17:51.875] [main/DEBUG] [mixin/]: Initialising Mixin Platform Manager
[16авг.2025 18:17:51.876] [main/DEBUG] [mixin/]: Adding mixin platform agents for container ModLauncher Root Container(ModLauncher:4f56a0a2)
[16авг.2025 18:17:51.877] [main/DEBUG] [mixin/]: Instancing new MixinPlatformAgentMinecraftForge for ModLauncher Root Container(ModLauncher:4f56a0a2)
[16авг.2025 18:17:51.877] [main/DEBUG] [mixin/]: MixinPlatformAgentMinecraftForge rejected container ModLauncher Root Container(ModLauncher:4f56a0a2)
[16авг.2025 18:17:51.878] [main/DEBUG] [mixin/]: Instancing new MixinPlatformAgentDefault for ModLauncher Root Container(ModLauncher:4f56a0a2)
[16авг.2025 18:17:51.879] [main/DEBUG] [mixin/]: MixinPlatformAgentDefault accepted container ModLauncher Root Container(ModLauncher:4f56a0a2)
[16авг.2025 18:17:51.881] [main/DEBUG] [cpw.mods.modlauncher.TransformationServiceDecorator/MODLAUNCHER]: Initialized transformation service mixin
[16авг.2025 18:17:51.882] [main/DEBUG] [cpw.mods.modlauncher.TransformationServiceDecorator/MODLAUNCHER]: Initializing transformation service fml
[16авг.2025 18:17:51.882] [main/DEBUG] [net.neoforged.fml.loading.FMLServiceProvider/CORE]: Setting up basic FML game directories
[16авг.2025 18:17:51.883] [main/DEBUG] [net.neoforged.fml.loading.FMLPaths/CORE]: Path GAMEDIR is Z:\MCreatorWorkspaces\praporupdate\run
[16авг.2025 18:17:51.883] [main/DEBUG] [net.neoforged.fml.loading.FMLPaths/CORE]: Path MODSDIR is Z:\MCreatorWorkspaces\praporupdate\run\mods
[16авг.2025 18:17:51.883] [main/DEBUG] [net.neoforged.fml.loading.FMLPaths/CORE]: Path CONFIGDIR is Z:\MCreatorWorkspaces\praporupdate\run\config
[16авг.2025 18:17:51.884] [main/DEBUG] [net.neoforged.fml.loading.FMLPaths/CORE]: Path FMLCONFIG is Z:\MCreatorWorkspaces\praporupdate\run\config\fml.toml
[16авг.2025 18:17:51.884] [main/DEBUG] [net.neoforged.fml.loading.FMLServiceProvider/CORE]: Loading configuration
[16авг.2025 18:17:51.888] [main/DEBUG] [net.neoforged.fml.loading.FMLServiceProvider/CORE]: Preparing launch handler
[16авг.2025 18:17:51.890] [main/DEBUG] [net.neoforged.fml.loading.FMLLoader/CORE]: Using forgeclientuserdev as launch service
[16авг.2025 18:17:51.892] [main/DEBUG] [cpw.mods.modlauncher.TransformationServiceDecorator/MODLAUNCHER]: Initialized transformation service fml
[16авг.2025 18:17:51.892] [main/DEBUG] [cpw.mods.modlauncher.TransformationServicesHandler/MODLAUNCHER]: Transformation services begin scanning
[16авг.2025 18:17:51.893] [main/DEBUG] [cpw.mods.modlauncher.TransformationServiceDecorator/MODLAUNCHER]: Beginning scan trigger - transformation service mixin
[16авг.2025 18:17:51.894] [main/DEBUG] [cpw.mods.modlauncher.TransformationServiceDecorator/MODLAUNCHER]: End scan trigger - transformation service mixin
[16авг.2025 18:17:51.894] [main/DEBUG] [cpw.mods.modlauncher.TransformationServiceDecorator/MODLAUNCHER]: Beginning scan trigger - transformation service fml
[16авг.2025 18:17:51.894] [main/DEBUG] [net.neoforged.fml.loading.FMLServiceProvider/CORE]: Initiating mod scan
[16авг.2025 18:17:51.897] [main/DEBUG] [net.neoforged.fml.loading.targets.CommonLaunchHandler/CORE]: Got mod coordinates testproject%%Z:\MCreatorWorkspaces\praporupdate\build\classes\java\main;testproject%%Z:\MCreatorWorkspaces\praporupdate\build\resources\main from env
[16авг.2025 18:17:51.898] [main/DEBUG] [net.neoforged.fml.loading.targets.CommonLaunchHandler/CORE]: Found supplied mod coordinates [{testproject=[Z:\MCreatorWorkspaces\praporupdate\build\classes\java\main, Z:\MCreatorWorkspaces\praporupdate\build\resources\main]}]
[16авг.2025 18:17:51.911] [main/DEBUG] [net.neoforged.fml.util.ServiceLoaderUtil/CORE]: Found 4 implementations of IModFileCandidateLocator:
[16авг.2025 18:17:51.912] [main/DEBUG] [net.neoforged.fml.util.ServiceLoaderUtil/CORE]: 	       0 - [built-in] net.neoforged.fml.loading.moddiscovery.locators.NeoForgeDevProvider from loader-4.0.24.jar
[16авг.2025 18:17:51.913] [main/DEBUG] [net.neoforged.fml.util.ServiceLoaderUtil/CORE]: 	       0 - net.neoforged.fml.loading.moddiscovery.locators.ModsFolderLocator from loader-4.0.24.jar
[16авг.2025 18:17:51.913] [main/DEBUG] [net.neoforged.fml.util.ServiceLoaderUtil/CORE]: 	       0 - net.neoforged.fml.loading.moddiscovery.locators.MavenDirectoryLocator from loader-4.0.24.jar
[16авг.2025 18:17:51.913] [main/DEBUG] [net.neoforged.fml.util.ServiceLoaderUtil/CORE]: 	   -1000 - [built-in] net.neoforged.fml.loading.moddiscovery.locators.UserdevLocator from loader-4.0.24.jar
[16авг.2025 18:17:51.916] [main/DEBUG] [net.neoforged.fml.util.ServiceLoaderUtil/CORE]: Found 2 implementations of IModFileReader:
[16авг.2025 18:17:51.916] [main/DEBUG] [net.neoforged.fml.util.ServiceLoaderUtil/CORE]: 	       0 - net.neoforged.fml.loading.moddiscovery.readers.JarModsDotTomlModFileReader from loader-4.0.24.jar
[16авг.2025 18:17:51.916] [main/DEBUG] [net.neoforged.fml.util.ServiceLoaderUtil/CORE]: 	   -1000 - net.neoforged.fml.loading.moddiscovery.readers.NestedLibraryModReader from loader-4.0.24.jar
[16авг.2025 18:17:51.917] [main/DEBUG] [net.neoforged.fml.util.ServiceLoaderUtil/CORE]: Found 1 implementations of IDependencyLocator:
[16авг.2025 18:17:51.918] [main/DEBUG] [net.neoforged.fml.util.ServiceLoaderUtil/CORE]: 	       0 - net.neoforged.fml.loading.moddiscovery.locators.JarInJarDependencyLocator from loader-4.0.24.jar
[16авг.2025 18:17:51.996] [main/DEBUG] [net.neoforged.fml.loading.moddiscovery.ModFileInfo/LOADING]: Found valid mod file neoforge-21.1.65-minecraft-merged.jar with {minecraft} mods - versions {1.21.1}
[16авг.2025 18:17:52.006] [main/DEBUG] [net.neoforged.fml.loading.moddiscovery.ModFileParser/LOADING]: Considering mod file candidate Z:\MCreatorWorkspaces\praporupdate\build\moddev\artifacts\neoforge-21.1.65-minecraft-merged.jar
[16авг.2025 18:17:52.016] [main/DEBUG] [net.neoforged.fml.loading.moddiscovery.ModFileInfo/LOADING]: Found valid mod file neoforge-21.1.65-minecraft-merged.jar with {neoforge} mods - versions {21.1.65}
[16авг.2025 18:17:52.022] [main/DEBUG] [net.neoforged.fml.loading.moddiscovery.ModListHandler/CORE]: Found mod coordinates from lists: []
[16авг.2025 18:17:52.024] [main/DEBUG] [net.neoforged.fml.loading.moddiscovery.ModFileParser/LOADING]: Considering mod file candidate Z:\MCreatorWorkspaces\praporupdate\build\classes\java\main
[16авг.2025 18:17:52.031] [main/DEBUG] [net.neoforged.fml.loading.moddiscovery.ModFileInfo/LOADING]: Found valid mod file main with {prapor} mods - versions {1.3.5}
[16авг.2025 18:17:52.046] [main/DEBUG] [net.neoforged.fml.loading.moddiscovery.ModFileParser/LOADING]: Considering mod file candidate Z:\MCreatorWorkspaces\praporupdate\build\moddev\artifacts\neoforge-21.1.65-minecraft-merged.jar
[16авг.2025 18:17:52.047] [main/DEBUG] [net.neoforged.fml.loading.moddiscovery.ModFileInfo/LOADING]: Found valid mod file neoforge-21.1.65-minecraft-merged.jar with {neoforge} mods - versions {21.1.65}
[16авг.2025 18:17:52.050] [main/DEBUG] [net.neoforged.fml.loading.moddiscovery.ModFileParser/LOADING]: Considering mod file candidate C:\Users\delta\.gradle\caches\modules-2\files-2.1\software.bernie.geckolib\geckolib-neoforge-1.21.1\4.7\26fa1e18479656a92a0ba323a8c092eeade943c5\geckolib-neoforge-1.21.1-4.7.jar
[16авг.2025 18:17:52.052] [main/DEBUG] [net.neoforged.fml.loading.moddiscovery.ModFileInfo/LOADING]: Found valid mod file geckolib-neoforge-1.21.1-4.7.jar with {geckolib} mods - versions {4.7}
[16авг.2025 18:17:52.075] [main/DEBUG] [net.neoforged.fml.loading.moddiscovery.ModDiscoverer/]: Skipping C:\Users\delta\.gradle\caches\modules-2\files-2.1\net.neoforged.fancymodloader\earlydisplay\4.0.24\c1f79ceaefcb4c79dea89e969563718a2d5157f\earlydisplay-4.0.24.jar because it was already located earlier
[16авг.2025 18:17:52.076] [main/DEBUG] [net.neoforged.fml.loading.moddiscovery.ModDiscoverer/]: Skipping C:\Users\delta\.gradle\caches\modules-2\files-2.1\net.neoforged.fancymodloader\loader\4.0.24\8211b356d57387a287aa3fb1d425fdd34db6d638\loader-4.0.24.jar because it was already located earlier
[16авг.2025 18:17:52.076] [main/DEBUG] [net.neoforged.fml.loading.moddiscovery.ModDiscoverer/]: Skipping C:\Users\delta\.gradle\caches\modules-2\files-2.1\net.neoforged\coremods\7.0.3\9147e6f638b4272b3bd5fc8f92ad37802512c6c\coremods-7.0.3.jar because it was already located earlier
[16авг.2025 18:17:52.076] [main/DEBUG] [net.neoforged.fml.loading.moddiscovery.ModDiscoverer/]: Skipping C:\Users\delta\.gradle\caches\modules-2\files-2.1\cpw.mods\modlauncher\11.0.4\6619d4812a3c092310d521ebc4c9503727563df7\modlauncher-11.0.4.jar because it was already located earlier
[16авг.2025 18:17:52.076] [main/DEBUG] [net.neoforged.fml.loading.moddiscovery.ModDiscoverer/]: Skipping C:\Users\delta\.gradle\caches\modules-2\files-2.1\net.neoforged.accesstransformers\at-modlauncher\10.0.1\5aba50202aceead086bc09fbc2751c9f05cb4890\at-modlauncher-10.0.1.jar because it was already located earlier
[16авг.2025 18:17:52.076] [main/DEBUG] [net.neoforged.fml.loading.moddiscovery.ModDiscoverer/]: Skipping C:\Users\delta\.gradle\caches\modules-2\files-2.1\net.neoforged\accesstransformers\10.0.1\fd83b5725f76eae9115e9355fa1c456a6a441400\accesstransformers-10.0.1.jar because it was already located earlier
[16авг.2025 18:17:52.077] [main/DEBUG] [net.neoforged.fml.loading.moddiscovery.ModDiscoverer/]: Skipping C:\Users\delta\.gradle\caches\modules-2\files-2.1\org.openjdk.nashorn\nashorn-core\15.4\f67f5ffaa5f5130cf6fb9b133da00c7df3b532a5\nashorn-core-15.4.jar because it was already located earlier
[16авг.2025 18:17:52.077] [main/DEBUG] [net.neoforged.fml.loading.moddiscovery.ModDiscoverer/]: Skipping C:\Users\delta\.gradle\caches\modules-2\files-2.1\net.neoforged\mergetool\2.0.3\1275202cbbb248f49345cf6787ce299afd9a02fb\mergetool-2.0.3-api.jar because it was already located earlier
[16авг.2025 18:17:52.077] [main/DEBUG] [net.neoforged.fml.loading.moddiscovery.ModDiscoverer/]: Skipping C:\Users\delta\.gradle\caches\modules-2\files-2.1\net.neoforged\bus\8.0.2\163c9ef7c4bcca6d850c34e95261b606af91fe06\bus-8.0.2.jar because it was already located earlier
[16авг.2025 18:17:52.078] [main/DEBUG] [net.neoforged.fml.loading.moddiscovery.ModDiscoverer/]: Skipping C:\Users\delta\.gradle\caches\modules-2\files-2.1\com.electronwill.night-config\toml\3.8.0\861dbcf2757dd6701c98b3949198549ccb5f62ff\toml-3.8.0.jar because it was already located earlier
[16авг.2025 18:17:52.078] [main/DEBUG] [net.neoforged.fml.loading.moddiscovery.ModDiscoverer/]: Skipping C:\Users\delta\.gradle\caches\modules-2\files-2.1\com.electronwill.night-config\core\3.8.0\2498dd2b3120dd49e963e2feab8fa5d0c5f80e0a\core-3.8.0.jar because it was already located earlier
[16авг.2025 18:17:52.078] [main/DEBUG] [net.neoforged.fml.loading.moddiscovery.ModDiscoverer/]: Skipping C:\Users\delta\.gradle\caches\modules-2\files-2.1\net.neoforged\JarJarSelector\0.4.1\fb3cc7a58af22ad2880adb98af6d518128c47dae\JarJarSelector-0.4.1.jar because it was already located earlier
[16авг.2025 18:17:52.078] [main/DEBUG] [net.neoforged.fml.loading.moddiscovery.ModDiscoverer/]: Skipping C:\Users\delta\.gradle\caches\modules-2\files-2.1\net.neoforged\JarJarMetadata\0.4.1\f8da03683dc81694556dc3e177c5e3bb77ae6fcb\JarJarMetadata-0.4.1.jar because it was already located earlier
[16авг.2025 18:17:52.078] [main/DEBUG] [net.neoforged.fml.loading.moddiscovery.ModDiscoverer/]: Skipping C:\Users\delta\.gradle\caches\modules-2\files-2.1\org.apache.maven\maven-artifact\3.8.5\4433f50c07debefaed0553bd0068f4f48d449313\maven-artifact-3.8.5.jar because it was already located earlier
[16авг.2025 18:17:52.078] [main/DEBUG] [net.neoforged.fml.loading.moddiscovery.ModDiscoverer/]: Skipping C:\Users\delta\.gradle\caches\modules-2\files-2.1\net.jodah\typetools\0.6.3\a01aaa6ddaea9ec07ec4f209487b7a46a526283a\typetools-0.6.3.jar because it was already located earlier
[16авг.2025 18:17:52.078] [main/DEBUG] [net.neoforged.fml.loading.moddiscovery.ModDiscoverer/]: Skipping C:\Users\delta\.gradle\caches\modules-2\files-2.1\net.minecrell\terminalconsoleappender\1.3.0\b562e9bb61235c9520e26282cdee71f8f802d1fc\terminalconsoleappender-1.3.0.jar because it was already located earlier
[16авг.2025 18:17:52.078] [main/DEBUG] [net.neoforged.fml.loading.moddiscovery.ModDiscoverer/]: Skipping C:\Users\delta\.gradle\caches\modules-2\files-2.1\net.fabricmc\sponge-mixin\0.15.2+mixin.0.8.7\2af2f021d8e02a0220dc27a7a72b4666d66d44ca\sponge-mixin-0.15.2+mixin.0.8.7.jar because it was already located earlier
[16авг.2025 18:17:52.078] [main/DEBUG] [net.neoforged.fml.loading.moddiscovery.ModDiscoverer/]: Skipping C:\Users\delta\.gradle\caches\modules-2\files-2.1\org.apache.commons\commons-lang3\3.14.0\1ed471194b02f2c6cb734a0cd6f6f107c673afae\commons-lang3-3.14.0.jar because it was already located earlier
[16авг.2025 18:17:52.078] [main/DEBUG] [net.neoforged.fml.loading.moddiscovery.ModDiscoverer/]: Skipping C:\Users\delta\.gradle\caches\modules-2\files-2.1\com.mojang\logging\1.2.7\24cb95ffb0e3433fd6e844c04e68009e504ca1c0\logging-1.2.7.jar because it was already located earlier
[16авг.2025 18:17:52.078] [main/DEBUG] [net.neoforged.fml.loading.moddiscovery.ModDiscoverer/]: Skipping C:\Users\delta\.gradle\caches\modules-2\files-2.1\org.apache.logging.log4j\log4j-slf4j2-impl\2.22.1\d7e6693c2606cb7e7335047d7bb96dec52db5665\log4j-slf4j2-impl-2.22.1.jar because it was already located earlier
[16авг.2025 18:17:52.078] [main/DEBUG] [net.neoforged.fml.loading.moddiscovery.ModDiscoverer/]: Skipping C:\Users\delta\.gradle\caches\modules-2\files-2.1\org.apache.logging.log4j\log4j-core\2.22.1\7183a25510a02ad00cc6a95d3b3d2a7d3c5a8dc4\log4j-core-2.22.1.jar because it was already located earlier
[16авг.2025 18:17:52.080] [main/DEBUG] [net.neoforged.fml.loading.moddiscovery.ModDiscoverer/]: Skipping C:\Users\delta\.gradle\caches\modules-2\files-2.1\org.apache.logging.log4j\log4j-api\2.22.1\bea6fede6328fabafd7e68363161a7ea6605abd1\log4j-api-2.22.1.jar because it was already located earlier
[16авг.2025 18:17:52.080] [main/DEBUG] [net.neoforged.fml.loading.moddiscovery.ModDiscoverer/]: Skipping C:\Users\delta\.gradle\caches\modules-2\files-2.1\net.sf.jopt-simple\jopt-simple\5.0.4\4fdac2fbe92dfad86aa6e9301736f6b4342a3f5c\jopt-simple-5.0.4.jar because it was already located earlier
[16авг.2025 18:17:52.080] [main/DEBUG] [net.neoforged.fml.loading.moddiscovery.ModDiscoverer/]: Skipping C:\Users\delta\.gradle\caches\modules-2\files-2.1\commons-io\commons-io\2.15.1\f11560da189ab563a5c8e351941415430e9304ea\commons-io-2.15.1.jar because it was already located earlier
[16авг.2025 18:17:52.080] [main/DEBUG] [net.neoforged.fml.loading.moddiscovery.ModDiscoverer/]: Skipping C:\Users\delta\.gradle\caches\modules-2\files-2.1\com.google.guava\guava\32.1.2-jre\5e64ec7e056456bef3a4bc4c6fdaef71e8ab6318\guava-32.1.2-jre.jar because it was already located earlier
[16авг.2025 18:17:52.080] [main/DEBUG] [net.neoforged.fml.loading.moddiscovery.ModDiscoverer/]: Skipping C:\Users\delta\.gradle\caches\modules-2\files-2.1\com.google.code.gson\gson\2.10.1\b3add478d4382b78ea20b1671390a858002feb6c\gson-2.10.1.jar because it was already located earlier
[16авг.2025 18:17:52.081] [main/DEBUG] [net.neoforged.fml.loading.moddiscovery.ModDiscoverer/]: Skipping C:\Users\delta\.gradle\caches\modules-2\files-2.1\org.slf4j\slf4j-api\2.0.9\7cf2726fdcfbc8610f9a71fb3ed639871f315340\slf4j-api-2.0.9.jar because it was already located earlier
[16авг.2025 18:17:52.081] [main/DEBUG] [net.neoforged.fml.loading.moddiscovery.ModDiscoverer/]: Skipping C:\Users\delta\.gradle\caches\modules-2\files-2.1\org.antlr\antlr4-runtime\4.13.1\17125bae1d965624e265ef49552f6465a2bfa307\antlr4-runtime-4.13.1.jar because it was already located earlier
[16авг.2025 18:17:52.081] [main/DEBUG] [net.neoforged.fml.loading.moddiscovery.ModDiscoverer/]: Skipping C:\Users\delta\.gradle\caches\modules-2\files-2.1\net.minecraftforge\srgutils\0.4.15\ca408b131759478f164e010fae0d73997e125fb5\srgutils-0.4.15.jar because it was already located earlier
[16авг.2025 18:17:52.081] [main/DEBUG] [net.neoforged.fml.loading.moddiscovery.ModDiscoverer/]: Skipping C:\Users\delta\.gradle\caches\modules-2\files-2.1\org.codehaus.plexus\plexus-utils\3.3.0\cf43b5391de623b36fe066a21127baef82c64022\plexus-utils-3.3.0.jar because it was already located earlier
[16авг.2025 18:17:52.081] [main/DEBUG] [net.neoforged.fml.loading.moddiscovery.ModDiscoverer/]: Skipping C:\Users\delta\.gradle\caches\modules-2\files-2.1\org.jline\jline-reader\3.20.0\8f15415b022a25b473e8e16c28ae913186ffb9c4\jline-reader-3.20.0.jar because it was already located earlier
[16авг.2025 18:17:52.082] [main/DEBUG] [net.neoforged.fml.loading.moddiscovery.ModDiscoverer/]: Skipping C:\Users\delta\.gradle\caches\modules-2\files-2.1\com.machinezoo.noexception\noexception\1.7.1\b65330c98e38a1f915fa54a6e5eca496505e3f0a\noexception-1.7.1.jar because it was already located earlier
[16авг.2025 18:17:52.082] [main/DEBUG] [net.neoforged.fml.loading.moddiscovery.ModDiscoverer/]: Skipping C:\Users\delta\.gradle\caches\modules-2\files-2.1\com.github.oshi\oshi-core\6.4.10\b1d8ab82d11d92fd639b56d639f8f46f739dd5fa\oshi-core-6.4.10.jar because it was already located earlier
[16авг.2025 18:17:52.082] [main/DEBUG] [net.neoforged.fml.loading.moddiscovery.ModDiscoverer/]: Skipping C:\Users\delta\.gradle\caches\modules-2\files-2.1\com.google.guava\failureaccess\1.0.1\1dcf1de382a0bf95a3d8b0849546c88bac1292c9\failureaccess-1.0.1.jar because it was already located earlier
[16авг.2025 18:17:52.082] [main/DEBUG] [net.neoforged.fml.loading.moddiscovery.ModDiscoverer/]: Skipping C:\Users\delta\.gradle\caches\modules-2\files-2.1\com.ibm.icu\icu4j\73.2\61ad4ef7f9131fcf6d25c34b817f90d6da06c9e9\icu4j-73.2.jar because it was already located earlier
[16авг.2025 18:17:52.082] [main/DEBUG] [net.neoforged.fml.loading.moddiscovery.ModDiscoverer/]: Skipping C:\Users\delta\.gradle\caches\modules-2\files-2.1\com.mojang\authlib\6.0.54\de8bc95660e1b2fe8793fd427a7a10dcec5b3ea7\authlib-6.0.54.jar because it was already located earlier
[16авг.2025 18:17:52.082] [main/DEBUG] [net.neoforged.fml.loading.moddiscovery.ModDiscoverer/]: Skipping C:\Users\delta\.gradle\caches\modules-2\files-2.1\com.mojang\blocklist\1.0.10\5c685c5ffa94c4cd39496c7184c1d122e515ecef\blocklist-1.0.10.jar because it was already located earlier
[16авг.2025 18:17:52.083] [main/DEBUG] [net.neoforged.fml.loading.moddiscovery.ModDiscoverer/]: Skipping C:\Users\delta\.gradle\caches\modules-2\files-2.1\com.mojang\brigadier\1.3.10\d15b53a14cf20fdcaa98f731af5dda654452c010\brigadier-1.3.10.jar because it was already located earlier
[16авг.2025 18:17:52.083] [main/DEBUG] [net.neoforged.fml.loading.moddiscovery.ModDiscoverer/]: Skipping C:\Users\delta\.gradle\caches\modules-2\files-2.1\com.mojang\datafixerupper\8.0.16\67d4de6d7f95d89bcf5862995fb854ebaec02a34\datafixerupper-8.0.16.jar because it was already located earlier
[16авг.2025 18:17:52.083] [main/DEBUG] [net.neoforged.fml.loading.moddiscovery.ModDiscoverer/]: Skipping C:\Users\delta\.gradle\caches\modules-2\files-2.1\com.mojang\patchy\2.2.10\da05971b07cbb379d002cf7eaec6a2048211fefc\patchy-2.2.10.jar because it was already located earlier
[16авг.2025 18:17:52.083] [main/DEBUG] [net.neoforged.fml.loading.moddiscovery.ModDiscoverer/]: Skipping C:\Users\delta\.gradle\caches\modules-2\files-2.1\com.mojang\text2speech\1.17.9\3cad216e3a7f0c19b4b394388bc9ffc446f13b14\text2speech-1.17.9.jar because it was already located earlier
[16авг.2025 18:17:52.083] [main/DEBUG] [net.neoforged.fml.loading.moddiscovery.ModDiscoverer/]: Skipping C:\Users\delta\.gradle\caches\modules-2\files-2.1\commons-codec\commons-codec\1.16.0\4e3eb3d79888d76b54e28b350915b5dc3919c9de\commons-codec-1.16.0.jar because it was already located earlier
[16авг.2025 18:17:52.083] [main/DEBUG] [net.neoforged.fml.loading.moddiscovery.ModDiscoverer/]: Skipping C:\Users\delta\.gradle\caches\modules-2\files-2.1\commons-logging\commons-logging\1.2\4bfc12adfe4842bf07b657f0369c4cb522955686\commons-logging-1.2.jar because it was already located earlier
[16авг.2025 18:17:52.083] [main/DEBUG] [net.neoforged.fml.loading.moddiscovery.ModDiscoverer/]: Skipping C:\Users\delta\.gradle\caches\modules-2\files-2.1\io.netty\netty-buffer\4.1.97.Final\f8f3d8644afa5e6e1a40a3a6aeb9d9aa970ecb4f\netty-buffer-4.1.97.Final.jar because it was already located earlier
[16авг.2025 18:17:52.083] [main/DEBUG] [net.neoforged.fml.loading.moddiscovery.ModDiscoverer/]: Skipping C:\Users\delta\.gradle\caches\modules-2\files-2.1\io.netty\netty-codec\4.1.97.Final\384ba4d75670befbedb45c4d3b497a93639c206d\netty-codec-4.1.97.Final.jar because it was already located earlier
[16авг.2025 18:17:52.084] [main/DEBUG] [net.neoforged.fml.loading.moddiscovery.ModDiscoverer/]: Skipping C:\Users\delta\.gradle\caches\modules-2\files-2.1\io.netty\netty-common\4.1.97.Final\7cceacaf11df8dc63f23d0fb58e9d4640fc88404\netty-common-4.1.97.Final.jar because it was already located earlier
[16авг.2025 18:17:52.084] [main/DEBUG] [net.neoforged.fml.loading.moddiscovery.ModDiscoverer/]: Skipping C:\Users\delta\.gradle\caches\modules-2\files-2.1\io.netty\netty-handler\4.1.97.Final\abb86c6906bf512bf2b797a41cd7d2e8d3cd7c36\netty-handler-4.1.97.Final.jar because it was already located earlier
[16авг.2025 18:17:52.084] [main/DEBUG] [net.neoforged.fml.loading.moddiscovery.ModDiscoverer/]: Skipping C:\Users\delta\.gradle\caches\modules-2\files-2.1\io.netty\netty-resolver\4.1.97.Final\cec8348108dc76c47cf87c669d514be52c922144\netty-resolver-4.1.97.Final.jar because it was already located earlier
[16авг.2025 18:17:52.084] [main/DEBUG] [net.neoforged.fml.loading.moddiscovery.ModDiscoverer/]: Skipping C:\Users\delta\.gradle\caches\modules-2\files-2.1\io.netty\netty-transport-classes-epoll\4.1.97.Final\795da37ded759e862457a82d9d92c4d39ce8ecee\netty-transport-classes-epoll-4.1.97.Final.jar because it was already located earlier
[16авг.2025 18:17:52.084] [main/DEBUG] [net.neoforged.fml.loading.moddiscovery.ModDiscoverer/]: Skipping C:\Users\delta\.gradle\caches\modules-2\files-2.1\io.netty\netty-transport-native-unix-common\4.1.97.Final\d469d84265ab70095b01b40886cabdd433b6e664\netty-transport-native-unix-common-4.1.97.Final.jar because it was already located earlier
[16авг.2025 18:17:52.084] [main/DEBUG] [net.neoforged.fml.loading.moddiscovery.ModDiscoverer/]: Skipping C:\Users\delta\.gradle\caches\modules-2\files-2.1\io.netty\netty-transport\4.1.97.Final\f37380d23c9bb079bc702910833b2fd532c9abd0\netty-transport-4.1.97.Final.jar because it was already located earlier
[16авг.2025 18:17:52.084] [main/DEBUG] [net.neoforged.fml.loading.moddiscovery.ModDiscoverer/]: Skipping C:\Users\delta\.gradle\caches\modules-2\files-2.1\it.unimi.dsi\fastutil\8.5.12\c24946d46824bd528054bface3231d2ecb7e95e8\fastutil-8.5.12.jar because it was already located earlier
[16авг.2025 18:17:52.084] [main/DEBUG] [net.neoforged.fml.loading.moddiscovery.ModDiscoverer/]: Skipping C:\Users\delta\.gradle\caches\modules-2\files-2.1\net.java.dev.jna\jna-platform\5.14.0\28934d48aed814f11e4c584da55c49fa7032b31b\jna-platform-5.14.0.jar because it was already located earlier
[16авг.2025 18:17:52.085] [main/DEBUG] [net.neoforged.fml.loading.moddiscovery.ModDiscoverer/]: Skipping C:\Users\delta\.gradle\caches\modules-2\files-2.1\net.java.dev.jna\jna\5.14.0\67bf3eaea4f0718cb376a181a629e5f88fa1c9dd\jna-5.14.0.jar because it was already located earlier
[16авг.2025 18:17:52.085] [main/DEBUG] [net.neoforged.fml.loading.moddiscovery.ModDiscoverer/]: Skipping C:\Users\delta\.gradle\caches\modules-2\files-2.1\org.apache.commons\commons-compress\1.26.0\659feffdd12280201c8aacb8f7be94f9a883c824\commons-compress-1.26.0.jar because it was already located earlier
[16авг.2025 18:17:52.085] [main/DEBUG] [net.neoforged.fml.loading.moddiscovery.ModDiscoverer/]: Skipping C:\Users\delta\.gradle\caches\modules-2\files-2.1\org.apache.httpcomponents\httpclient\4.5.13\e5f6cae5ca7ecaac1ec2827a9e2d65ae2869cada\httpclient-4.5.13.jar because it was already located earlier
[16авг.2025 18:17:52.085] [main/DEBUG] [net.neoforged.fml.loading.moddiscovery.ModDiscoverer/]: Skipping C:\Users\delta\.gradle\caches\modules-2\files-2.1\org.apache.httpcomponents\httpcore\4.4.16\51cf043c87253c9f58b539c9f7e44c8894223850\httpcore-4.4.16.jar because it was already located earlier
[16авг.2025 18:17:52.085] [main/DEBUG] [net.neoforged.fml.loading.moddiscovery.ModDiscoverer/]: Skipping C:\Users\delta\.gradle\caches\modules-2\files-2.1\org.jcraft\jorbis\0.0.17\8872d22b293e8f5d7d56ff92be966e6dc28ebdc6\jorbis-0.0.17.jar because it was already located earlier
[16авг.2025 18:17:52.085] [main/DEBUG] [net.neoforged.fml.loading.moddiscovery.ModDiscoverer/]: Skipping C:\Users\delta\.gradle\caches\modules-2\files-2.1\org.joml\joml\1.10.5\22566d58af70ad3d72308bab63b8339906deb649\joml-1.10.5.jar because it was already located earlier
[16авг.2025 18:17:52.085] [main/DEBUG] [net.neoforged.fml.loading.moddiscovery.ModDiscoverer/]: Skipping C:\Users\delta\.gradle\caches\modules-2\files-2.1\org.lwjgl\lwjgl-freetype\3.3.3\a0db6c84a8becc8ca05f9dbfa985edc348a824c7\lwjgl-freetype-3.3.3.jar because it was already located earlier
[16авг.2025 18:17:52.088] [pool-2-thread-1/INFO] [EARLYDISPLAY/]: GL info: NVIDIA GeForce RTX 3060/PCIe/SSE2 GL version 4.6.0 NVIDIA 580.97, NVIDIA Corporation
[16авг.2025 18:17:52.092] [main/DEBUG] [net.neoforged.fml.loading.moddiscovery.ModDiscoverer/]: Skipping C:\Users\delta\.gradle\caches\modules-2\files-2.1\org.lwjgl\lwjgl-freetype\3.3.3\15a8c1de7f51d07a92eae7ce1222557073a0c0c3\lwjgl-freetype-3.3.3-natives-windows-x86.jar because it was already located earlier
[16авг.2025 18:17:52.093] [main/DEBUG] [net.neoforged.fml.loading.moddiscovery.ModDiscoverer/]: Skipping C:\Users\delta\.gradle\caches\modules-2\files-2.1\org.lwjgl\lwjgl-glfw\3.3.3\efa1eb78c5ccd840e9f329717109b5e892d72f8e\lwjgl-glfw-3.3.3.jar because it was already located earlier
[16авг.2025 18:17:52.099] [main/DEBUG] [net.neoforged.fml.loading.moddiscovery.ModDiscoverer/]: Skipping C:\Users\delta\.gradle\caches\modules-2\files-2.1\org.lwjgl\lwjgl-glfw\3.3.3\32334f3fd5270a59bad9939a93115acb6de36dcf\lwjgl-glfw-3.3.3-natives-windows-x86.jar because it was already located earlier
[16авг.2025 18:17:52.100] [main/DEBUG] [net.neoforged.fml.loading.moddiscovery.ModDiscoverer/]: Skipping C:\Users\delta\.gradle\caches\modules-2\files-2.1\org.lwjgl\lwjgl-jemalloc\3.3.3\b543467b7ff3c6920539a88ee602d34098628be5\lwjgl-jemalloc-3.3.3.jar because it was already located earlier
[16авг.2025 18:17:52.100] [main/DEBUG] [net.neoforged.fml.loading.moddiscovery.ModDiscoverer/]: Skipping C:\Users\delta\.gradle\caches\modules-2\files-2.1\org.lwjgl\lwjgl-jemalloc\3.3.3\426222fc027602a5f21b9c0fe79cde6a4c7a011f\lwjgl-jemalloc-3.3.3-natives-windows.jar because it was already located earlier
[16авг.2025 18:17:52.106] [main/DEBUG] [net.neoforged.fml.loading.moddiscovery.ModDiscoverer/]: Skipping C:\Users\delta\.gradle\caches\modules-2\files-2.1\org.lwjgl\lwjgl-openal\3.3.3\daada81ceb5fc0c291fbfdd4433cb8d9423577f2\lwjgl-openal-3.3.3.jar because it was already located earlier
[16авг.2025 18:17:52.112] [main/DEBUG] [net.neoforged.fml.loading.moddiscovery.ModDiscoverer/]: Skipping C:\Users\delta\.gradle\caches\modules-2\files-2.1\org.lwjgl\lwjgl-openal\3.3.3\87b8d5050e3adb46bb58fe1cb2669a4a48fce10d\lwjgl-openal-3.3.3-natives-windows-x86.jar because it was already located earlier
[16авг.2025 18:17:52.112] [main/DEBUG] [net.neoforged.fml.loading.moddiscovery.ModDiscoverer/]: Skipping C:\Users\delta\.gradle\caches\modules-2\files-2.1\org.lwjgl\lwjgl-opengl\3.3.3\2f6b0147078396a58979125a4c947664e98293a\lwjgl-opengl-3.3.3.jar because it was already located earlier
[16авг.2025 18:17:52.116] [main/DEBUG] [net.neoforged.fml.loading.moddiscovery.ModDiscoverer/]: Skipping C:\Users\delta\.gradle\caches\modules-2\files-2.1\org.lwjgl\lwjgl-opengl\3.3.3\65e956d3735a1abdc82eff4baec1b61174697d4b\lwjgl-opengl-3.3.3-natives-windows-arm64.jar because it was already located earlier
[16авг.2025 18:17:52.118] [main/DEBUG] [net.neoforged.fml.loading.moddiscovery.ModDiscoverer/]: Skipping C:\Users\delta\.gradle\caches\modules-2\files-2.1\org.lwjgl\lwjgl-stb\3.3.3\25dd6161988d7e65f71d5065c99902402ee32746\lwjgl-stb-3.3.3.jar because it was already located earlier
[16авг.2025 18:17:52.118] [main/DEBUG] [net.neoforged.fml.loading.moddiscovery.ModDiscoverer/]: Skipping C:\Users\delta\.gradle\caches\modules-2\files-2.1\org.lwjgl\lwjgl-stb\3.3.3\1d9facdf6541de114b0f963be33505b7679c78cb\lwjgl-stb-3.3.3-natives-windows.jar because it was already located earlier
[16авг.2025 18:17:52.122] [main/DEBUG] [net.neoforged.fml.loading.moddiscovery.ModDiscoverer/]: Skipping C:\Users\delta\.gradle\caches\modules-2\files-2.1\org.lwjgl\lwjgl-tinyfd\3.3.3\82d755ca94b102e9ca77283b9e2dc46d1b15fbe5\lwjgl-tinyfd-3.3.3.jar because it was already located earlier
[16авг.2025 18:17:52.123] [main/DEBUG] [net.neoforged.fml.loading.moddiscovery.ModDiscoverer/]: Skipping C:\Users\delta\.gradle\caches\modules-2\files-2.1\org.lwjgl\lwjgl-tinyfd\3.3.3\a6697981b0449a5087c1d546fc08b4f73e8f98c9\lwjgl-tinyfd-3.3.3-natives-windows.jar because it was already located earlier
[16авг.2025 18:17:52.128] [main/DEBUG] [net.neoforged.fml.loading.moddiscovery.ModDiscoverer/]: Skipping C:\Users\delta\.gradle\caches\modules-2\files-2.1\org.lwjgl\lwjgl\3.3.3\29589b5f87ed335a6c7e7ee6a5775f81f97ecb84\lwjgl-3.3.3.jar because it was already located earlier
[16авг.2025 18:17:52.132] [main/DEBUG] [net.neoforged.fml.loading.moddiscovery.ModDiscoverer/]: Skipping C:\Users\delta\.gradle\caches\modules-2\files-2.1\org.lwjgl\lwjgl\3.3.3\9e670718e050aeaeea0c2d5b907cffb142f2e58f\lwjgl-3.3.3-natives-windows-x86.jar because it was already located earlier
[16авг.2025 18:17:52.132] [main/DEBUG] [net.neoforged.fml.loading.moddiscovery.ModDiscoverer/]: Skipping C:\Users\delta\.gradle\caches\modules-2\files-2.1\org.lz4\lz4-java\1.8.0\4b986a99445e49ea5fbf5d149c4b63f6ed6c6780\lz4-java-1.8.0.jar because it was already located earlier
[16авг.2025 18:17:52.132] [main/DEBUG] [net.neoforged.fml.loading.moddiscovery.ModDiscoverer/]: Skipping C:\Users\delta\.gradle\caches\modules-2\files-2.1\org.jline\jline-terminal\3.20.0\d0ddcc708ddf527a3454c941b7b9225cc83a15ff\jline-terminal-3.20.0.jar because it was already located earlier
[16авг.2025 18:17:52.133] [main/DEBUG] [net.neoforged.fml.loading.moddiscovery.ModDiscoverer/]: Skipping C:\Users\delta\.gradle\caches\modules-2\files-2.1\com.google.guava\listenablefuture\9999.0-empty-to-avoid-conflict-with-guava\b421526c5f297295adef1c886e5246c39d4ac629\listenablefuture-9999.0-empty-to-avoid-conflict-with-guava.jar because it was already located earlier
[16авг.2025 18:17:52.133] [main/DEBUG] [net.neoforged.fml.loading.moddiscovery.ModDiscoverer/]: Skipping C:\Users\delta\.gradle\caches\modules-2\files-2.1\com.google.code.findbugs\jsr305\3.0.2\25ea2e8b0c338a877313bd4672d3fe056ea78f0d\jsr305-3.0.2.jar because it was already located earlier
[16авг.2025 18:17:52.133] [main/DEBUG] [net.neoforged.fml.loading.moddiscovery.ModDiscoverer/]: Skipping C:\Users\delta\.gradle\caches\modules-2\files-2.1\org.checkerframework\checker-qual\3.33.0\de2b60b62da487644fc11f734e73c8b0b431238f\checker-qual-3.33.0.jar because it was already located earlier
[16авг.2025 18:17:52.133] [main/DEBUG] [net.neoforged.fml.loading.moddiscovery.ModDiscoverer/]: Skipping C:\Users\delta\.gradle\caches\modules-2\files-2.1\com.google.errorprone\error_prone_annotations\2.18.0\89b684257096f548fa39a7df9fdaa409d4d4df91\error_prone_annotations-2.18.0.jar because it was already located earlier
[16авг.2025 18:17:52.133] [main/DEBUG] [net.neoforged.fml.loading.moddiscovery.ModDiscoverer/]: Skipping C:\Users\delta\.gradle\caches\modules-2\files-2.1\com.google.j2objc\j2objc-annotations\2.8\c85270e307e7b822f1086b93689124b89768e273\j2objc-annotations-2.8.jar because it was already located earlier
[16авг.2025 18:17:52.135] [main/DEBUG] [net.neoforged.fml.loading.UniqueModListBuilder/]: Found 2 mods for first modid neoforge, selecting most recent based on version data
[16авг.2025 18:17:52.136] [main/DEBUG] [net.neoforged.fml.loading.UniqueModListBuilder/]: Selected file neoforge-21.1.65-minecraft-merged.jar for modid neoforge with version 21.1.65
[16авг.2025 18:17:52.246] [main/INFO] [net.neoforged.fml.loading.moddiscovery.locators.JarInJarDependencyLocator/]: Found 2 dependencies adding them to mods collection
[16авг.2025 18:17:52.248] [main/DEBUG] [net.neoforged.fml.loading.moddiscovery.ModFileInfo/LOADING]: Found valid mod file neoforge-21.1.65-minecraft-merged.jar with {minecraft} mods - versions {1.21.1}
[16авг.2025 18:17:52.250] [main/DEBUG] [net.neoforged.fml.loading.moddiscovery.ModFile/LOADING]: Loading mod file Z:\MCreatorWorkspaces\praporupdate\build\moddev\artifacts\neoforge-21.1.65-minecraft-merged.jar with languages [LanguageSpec[languageName=minecraft, acceptedVersions=1]]
[16авг.2025 18:17:52.252] [main/DEBUG] [net.neoforged.fml.loading.moddiscovery.ModFileParser/LOADING]: Considering mod file candidate Z:\MCreatorWorkspaces\praporupdate\build\classes\java\main
[16авг.2025 18:17:52.254] [main/DEBUG] [net.neoforged.fml.loading.moddiscovery.ModFileInfo/LOADING]: Found valid mod file main with {prapor} mods - versions {1.3.5}
[16авг.2025 18:17:52.255] [main/DEBUG] [net.neoforged.fml.loading.moddiscovery.ModFile/LOADING]: Loading mod file Z:\MCreatorWorkspaces\praporupdate\build\classes\java\main with languages [LanguageSpec[languageName=javafml, acceptedVersions=[4,)]]
[16авг.2025 18:17:52.256] [main/DEBUG] [net.neoforged.fml.loading.moddiscovery.ModFile/LOADING]: Found mixin config mixins.praporupdate.json
[16авг.2025 18:17:52.256] [main/DEBUG] [net.neoforged.fml.loading.moddiscovery.ModFileParser/LOADING]: Considering mod file candidate C:\Users\delta\.gradle\caches\modules-2\files-2.1\software.bernie.geckolib\geckolib-neoforge-1.21.1\4.7\26fa1e18479656a92a0ba323a8c092eeade943c5\geckolib-neoforge-1.21.1-4.7.jar
[16авг.2025 18:17:52.258] [main/DEBUG] [net.neoforged.fml.loading.moddiscovery.ModFileInfo/LOADING]: Found valid mod file geckolib-neoforge-1.21.1-4.7.jar with {geckolib} mods - versions {4.7}
[16авг.2025 18:17:52.258] [main/DEBUG] [net.neoforged.fml.loading.moddiscovery.ModFile/LOADING]: Loading mod file C:\Users\delta\.gradle\caches\modules-2\files-2.1\software.bernie.geckolib\geckolib-neoforge-1.21.1\4.7\26fa1e18479656a92a0ba323a8c092eeade943c5\geckolib-neoforge-1.21.1-4.7.jar with languages [LanguageSpec[languageName=javafml, acceptedVersions=[4,)]]
[16авг.2025 18:17:52.259] [main/DEBUG] [net.neoforged.fml.loading.moddiscovery.ModFile/LOADING]: Found mixin config geckolib.mixins.json
[16авг.2025 18:17:52.260] [main/DEBUG] [net.neoforged.fml.loading.moddiscovery.ModFileParser/LOADING]: Considering mod file candidate Z:\MCreatorWorkspaces\praporupdate\build\moddev\artifacts\neoforge-21.1.65-minecraft-merged.jar
[16авг.2025 18:17:52.262] [main/DEBUG] [net.neoforged.fml.loading.moddiscovery.ModFileInfo/LOADING]: Found valid mod file neoforge-21.1.65-minecraft-merged.jar with {neoforge} mods - versions {21.1.65}
[16авг.2025 18:17:52.262] [main/DEBUG] [net.neoforged.fml.loading.moddiscovery.ModFile/LOADING]: Loading mod file Z:\MCreatorWorkspaces\praporupdate\build\moddev\artifacts\neoforge-21.1.65-minecraft-merged.jar with languages [LanguageSpec[languageName=javafml, acceptedVersions=[3,]]]
[16авг.2025 18:17:52.262] [main/DEBUG] [net.neoforged.fml.loading.moddiscovery.ModFile/LOADING]: Found mixin config neoforge.mixins.json
[16авг.2025 18:17:52.262] [main/DEBUG] [net.neoforged.fml.loading.moddiscovery.ModFile/LOADING]: Loading mod file  with languages []
[16авг.2025 18:17:52.263] [main/DEBUG] [cpw.mods.modlauncher.TransformationServiceDecorator/MODLAUNCHER]: End scan trigger - transformation service fml
[16авг.2025 18:17:52.273] [main/DEBUG] [net.neoforged.fml.util.ServiceLoaderUtil/CORE]: Found 3 implementations of IModLanguageLoader:
[16авг.2025 18:17:52.274] [main/DEBUG] [net.neoforged.fml.util.ServiceLoaderUtil/CORE]: 	net.neoforged.fml.javafmlmod.FMLJavaModLanguageProvider from loader-4.0.24.jar
[16авг.2025 18:17:52.274] [main/DEBUG] [net.neoforged.fml.util.ServiceLoaderUtil/CORE]: 	net.neoforged.fml.lowcodemod.LowCodeModLanguageProvider from loader-4.0.24.jar
[16авг.2025 18:17:52.274] [main/DEBUG] [net.neoforged.fml.util.ServiceLoaderUtil/CORE]: 	net.neoforged.fml.mclanguageprovider.MinecraftModLanguageProvider from loader-4.0.24.jar
[16авг.2025 18:17:52.275] [main/DEBUG] [net.neoforged.fml.loading.LanguageProviderLoader/CORE]: Found language provider javafml, version 4.0.24
[16авг.2025 18:17:52.276] [main/DEBUG] [net.neoforged.fml.loading.LanguageProviderLoader/CORE]: Found language provider lowcodefml, version 4.0.24
[16авг.2025 18:17:52.276] [main/DEBUG] [net.neoforged.fml.loading.LanguageProviderLoader/CORE]: Found language provider minecraft, version 4.0.24
[16авг.2025 18:17:52.282] [main/DEBUG] [net.neoforged.fml.loading.ModSorter/]: Configured system mods: [minecraft, neoforge]
[16авг.2025 18:17:52.283] [main/DEBUG] [net.neoforged.fml.loading.ModSorter/]: Found system mod: minecraft
[16авг.2025 18:17:52.283] [main/DEBUG] [net.neoforged.fml.loading.ModSorter/]: Found system mod: neoforge
[16авг.2025 18:17:52.285] [main/DEBUG] [net.neoforged.fml.loading.ModSorter/LOADING]: Found 6 mod requirements (4 mandatory, 2 optional)
[16авг.2025 18:17:52.286] [main/DEBUG] [net.neoforged.fml.loading.ModSorter/LOADING]: Found 0 mod requirements missing (0 mandatory, 0 optional)
[16авг.2025 18:17:52.448] [main/DEBUG] [mixin/]: Adding mixin platform agents for container net.neoforged.fml.loading.mixin.FMLMixinContainerHandle@3e1a3801
[16авг.2025 18:17:52.448] [main/DEBUG] [mixin/]: Instancing new MixinPlatformAgentMinecraftForge for net.neoforged.fml.loading.mixin.FMLMixinContainerHandle@3e1a3801
[16авг.2025 18:17:52.448] [main/DEBUG] [mixin/]: MixinPlatformAgentMinecraftForge rejected container net.neoforged.fml.loading.mixin.FMLMixinContainerHandle@3e1a3801
[16авг.2025 18:17:52.448] [main/DEBUG] [mixin/]: Instancing new MixinPlatformAgentDefault for net.neoforged.fml.loading.mixin.FMLMixinContainerHandle@3e1a3801
[16авг.2025 18:17:52.448] [main/DEBUG] [mixin/]: MixinPlatformAgentDefault accepted container net.neoforged.fml.loading.mixin.FMLMixinContainerHandle@3e1a3801
[16авг.2025 18:17:52.449] [main/DEBUG] [mixin/]: Instancing new FMLMixinPlatformAgent for net.neoforged.fml.loading.mixin.FMLMixinContainerHandle@3e1a3801
[16авг.2025 18:17:52.449] [main/DEBUG] [mixin/]: FMLMixinPlatformAgent accepted container net.neoforged.fml.loading.mixin.FMLMixinContainerHandle@3e1a3801
[16авг.2025 18:17:52.466] [main/DEBUG] [cpw.mods.modlauncher.TransformationServicesHandler/MODLAUNCHER]: Transformation services loading transformers
[16авг.2025 18:17:52.468] [main/DEBUG] [cpw.mods.modlauncher.TransformationServiceDecorator/MODLAUNCHER]: Initializing transformers for transformation service mixin
[16авг.2025 18:17:52.468] [main/DEBUG] [cpw.mods.modlauncher.TransformationServiceDecorator/MODLAUNCHER]: Initialized transformers for transformation service mixin
[16авг.2025 18:17:52.469] [main/DEBUG] [cpw.mods.modlauncher.TransformationServiceDecorator/MODLAUNCHER]: Initializing transformers for transformation service fml
[16авг.2025 18:17:52.469] [main/DEBUG] [net.neoforged.fml.loading.FMLServiceProvider/LOADING]: Loading coremod transformers
[16авг.2025 18:17:52.469] [main/DEBUG] [net.neoforged.fml.loading.FMLServiceProvider/CORE]: Not loading coremod script-engine since no mod requested it
[16авг.2025 18:17:52.470] [main/DEBUG] [net.neoforged.fml.util.ServiceLoaderUtil/CORE]: Found 1 implementations of ICoreMod:
[16авг.2025 18:17:52.470] [main/DEBUG] [net.neoforged.fml.util.ServiceLoaderUtil/CORE]: 	net.neoforged.neoforge.coremods.NeoForgeCoreMod from neoforge-21.1.65-minecraft-merged.jar > neoforge-coremods-21.1.65.jar
[16авг.2025 18:17:52.480] [main/DEBUG] [net.neoforged.fml.loading.FMLServiceProvider/CORE]: Adding [Target[className=net.minecraft.world.level.biome.Biome, elementName=, elementDescriptor=, targetType=cpw.mods.modlauncher.api.TargetType@53499d85]] transformer from core-mod net.neoforged.neoforge.coremods.NeoForgeCoreMod@bfc14b9 in neoforge-21.1.65-minecraft-merged.jar > neoforge-coremods-21.1.65.jar
[16авг.2025 18:17:52.481] [main/DEBUG] [net.neoforged.fml.loading.FMLServiceProvider/CORE]: Adding [Target[className=net.minecraft.world.level.levelgen.structure.Structure, elementName=, elementDescriptor=, targetType=cpw.mods.modlauncher.api.TargetType@53499d85]] transformer from core-mod net.neoforged.neoforge.coremods.NeoForgeCoreMod@bfc14b9 in neoforge-21.1.65-minecraft-merged.jar > neoforge-coremods-21.1.65.jar
[16авг.2025 18:17:52.481] [main/DEBUG] [net.neoforged.fml.loading.FMLServiceProvider/CORE]: Adding [Target[className=net.minecraft.world.level.block.FlowerPotBlock, elementName=, elementDescriptor=, targetType=cpw.mods.modlauncher.api.TargetType@53499d85]] transformer from core-mod net.neoforged.neoforge.coremods.NeoForgeCoreMod@bfc14b9 in neoforge-21.1.65-minecraft-merged.jar > neoforge-coremods-21.1.65.jar
[16авг.2025 18:17:52.482] [main/DEBUG] [net.neoforged.fml.loading.FMLServiceProvider/CORE]: Adding [Target[className=net/minecraft/world/level/NaturalSpawner, elementName=, elementDescriptor=, targetType=cpw.mods.modlauncher.api.TargetType@53499d85], Target[className=net/minecraft/world/entity/ai/village/VillageSiege, elementName=, elementDescriptor=, targetType=cpw.mods.modlauncher.api.TargetType@53499d85], Target[className=net/minecraft/world/entity/monster/Zombie, elementName=, elementDescriptor=, targetType=cpw.mods.modlauncher.api.TargetType@53499d85], Target[className=net/minecraft/world/level/levelgen/PatrolSpawner, elementName=, elementDescriptor=, targetType=cpw.mods.modlauncher.api.TargetType@53499d85], Target[className=net/minecraft/server/commands/SummonCommand, elementName=, elementDescriptor=, targetType=cpw.mods.modlauncher.api.TargetType@53499d85], Target[className=net/minecraft/world/entity/EntityType, elementName=, elementDescriptor=, targetType=cpw.mods.modlauncher.api.TargetType@53499d85], Target[className=net/minecraft/world/entity/monster/Strider, elementName=, elementDescriptor=, targetType=cpw.mods.modlauncher.api.TargetType@53499d85], Target[className=net/minecraft/world/level/levelgen/structure/structures/WoodlandMansionPieces$WoodlandMansionPiece, elementName=, elementDescriptor=, targetType=cpw.mods.modlauncher.api.TargetType@53499d85], Target[className=net/minecraft/server/commands/RaidCommand, elementName=, elementDescriptor=, targetType=cpw.mods.modlauncher.api.TargetType@53499d85], Target[className=net/minecraft/world/entity/animal/horse/SkeletonTrapGoal, elementName=, elementDescriptor=, targetType=cpw.mods.modlauncher.api.TargetType@53499d85], Target[className=net/minecraft/world/entity/npc/CatSpawner, elementName=, elementDescriptor=, targetType=cpw.mods.modlauncher.api.TargetType@53499d85], Target[className=net/minecraft/world/level/levelgen/structure/structures/SwampHutPiece, elementName=, elementDescriptor=, targetType=cpw.mods.modlauncher.api.TargetType@53499d85], Target[className=net/minecraft/world/entity/animal/frog/Tadpole, elementName=, elementDescriptor=, targetType=cpw.mods.modlauncher.api.TargetType@53499d85], Target[className=net/minecraft/world/entity/monster/Evoker$EvokerSummonSpellGoal, elementName=, elementDescriptor=, targetType=cpw.mods.modlauncher.api.TargetType@53499d85], Target[className=net/minecraft/world/level/levelgen/structure/structures/OceanMonumentPieces$OceanMonumentPiece, elementName=, elementDescriptor=, targetType=cpw.mods.modlauncher.api.TargetType@53499d85], Target[className=net/minecraft/world/entity/raid/Raid, elementName=, elementDescriptor=, targetType=cpw.mods.modlauncher.api.TargetType@53499d85], Target[className=net/minecraft/world/level/levelgen/structure/templatesystem/StructureTemplate, elementName=, elementDescriptor=, targetType=cpw.mods.modlauncher.api.TargetType@53499d85], Target[className=net/minecraft/world/entity/monster/Spider, elementName=, elementDescriptor=, targetType=cpw.mods.modlauncher.api.TargetType@53499d85], Target[className=net/minecraft/world/level/levelgen/structure/structures/OceanRuinPieces$OceanRuinPiece, elementName=, elementDescriptor=, targetType=cpw.mods.modlauncher.api.TargetType@53499d85], Target[className=net/minecraft/world/entity/monster/ZombieVillager, elementName=, elementDescriptor=, targetType=cpw.mods.modlauncher.api.TargetType@53499d85], Target[className=net/minecraft/world/entity/npc/Villager, elementName=, elementDescriptor=, targetType=cpw.mods.modlauncher.api.TargetType@53499d85], Target[className=net/minecraft/world/level/levelgen/PhantomSpawner, elementName=, elementDescriptor=, targetType=cpw.mods.modlauncher.api.TargetType@53499d85]] transformer from core-mod net.neoforged.neoforge.coremods.NeoForgeCoreMod@bfc14b9 in neoforge-21.1.65-minecraft-merged.jar > neoforge-coremods-21.1.65.jar
[16авг.2025 18:17:52.486] [main/DEBUG] [cpw.mods.modlauncher.TransformStore/MODLAUNCHER]: Adding transformer net.neoforged.neoforge.coremods.ReplaceFieldWithGetterAccess@3ce53f6a to Target : cpw.mods.modlauncher.api.TargetType@53499d85 {Lnet/minecraft/world/level/biome/Biome;} {} {V}
[16авг.2025 18:17:52.488] [main/DEBUG] [cpw.mods.modlauncher.TransformStore/MODLAUNCHER]: Adding transformer net.neoforged.neoforge.coremods.ReplaceFieldWithGetterAccess@53ed09e8 to Target : cpw.mods.modlauncher.api.TargetType@53499d85 {Lnet/minecraft/world/level/levelgen/structure/Structure;} {} {V}
[16авг.2025 18:17:52.488] [main/DEBUG] [cpw.mods.modlauncher.TransformStore/MODLAUNCHER]: Adding transformer net.neoforged.neoforge.coremods.ReplaceFieldWithGetterAccess@60859f5a to Target : cpw.mods.modlauncher.api.TargetType@53499d85 {Lnet/minecraft/world/level/block/FlowerPotBlock;} {} {V}
[16авг.2025 18:17:52.489] [main/DEBUG] [cpw.mods.modlauncher.TransformStore/MODLAUNCHER]: Adding transformer net.neoforged.neoforge.coremods.MethodRedirector@1daf3b44 to Target : cpw.mods.modlauncher.api.TargetType@53499d85 {Lnet/minecraft/world/level/NaturalSpawner;} {} {V}
[16авг.2025 18:17:52.489] [main/DEBUG] [cpw.mods.modlauncher.TransformStore/MODLAUNCHER]: Adding transformer net.neoforged.neoforge.coremods.MethodRedirector@1daf3b44 to Target : cpw.mods.modlauncher.api.TargetType@53499d85 {Lnet/minecraft/world/entity/ai/village/VillageSiege;} {} {V}
[16авг.2025 18:17:52.489] [main/DEBUG] [cpw.mods.modlauncher.TransformStore/MODLAUNCHER]: Adding transformer net.neoforged.neoforge.coremods.MethodRedirector@1daf3b44 to Target : cpw.mods.modlauncher.api.TargetType@53499d85 {Lnet/minecraft/world/entity/monster/Zombie;} {} {V}
[16авг.2025 18:17:52.489] [main/DEBUG] [cpw.mods.modlauncher.TransformStore/MODLAUNCHER]: Adding transformer net.neoforged.neoforge.coremods.MethodRedirector@1daf3b44 to Target : cpw.mods.modlauncher.api.TargetType@53499d85 {Lnet/minecraft/world/level/levelgen/PatrolSpawner;} {} {V}
[16авг.2025 18:17:52.489] [main/DEBUG] [cpw.mods.modlauncher.TransformStore/MODLAUNCHER]: Adding transformer net.neoforged.neoforge.coremods.MethodRedirector@1daf3b44 to Target : cpw.mods.modlauncher.api.TargetType@53499d85 {Lnet/minecraft/server/commands/SummonCommand;} {} {V}
[16авг.2025 18:17:52.489] [main/DEBUG] [cpw.mods.modlauncher.TransformStore/MODLAUNCHER]: Adding transformer net.neoforged.neoforge.coremods.MethodRedirector@1daf3b44 to Target : cpw.mods.modlauncher.api.TargetType@53499d85 {Lnet/minecraft/world/entity/EntityType;} {} {V}
[16авг.2025 18:17:52.489] [main/DEBUG] [cpw.mods.modlauncher.TransformStore/MODLAUNCHER]: Adding transformer net.neoforged.neoforge.coremods.MethodRedirector@1daf3b44 to Target : cpw.mods.modlauncher.api.TargetType@53499d85 {Lnet/minecraft/world/entity/monster/Strider;} {} {V}
[16авг.2025 18:17:52.491] [main/DEBUG] [cpw.mods.modlauncher.TransformStore/MODLAUNCHER]: Adding transformer net.neoforged.neoforge.coremods.MethodRedirector@1daf3b44 to Target : cpw.mods.modlauncher.api.TargetType@53499d85 {Lnet/minecraft/world/level/levelgen/structure/structures/WoodlandMansionPieces$WoodlandMansionPiece;} {} {V}
[16авг.2025 18:17:52.491] [main/DEBUG] [cpw.mods.modlauncher.TransformStore/MODLAUNCHER]: Adding transformer net.neoforged.neoforge.coremods.MethodRedirector@1daf3b44 to Target : cpw.mods.modlauncher.api.TargetType@53499d85 {Lnet/minecraft/server/commands/RaidCommand;} {} {V}
[16авг.2025 18:17:52.491] [main/DEBUG] [cpw.mods.modlauncher.TransformStore/MODLAUNCHER]: Adding transformer net.neoforged.neoforge.coremods.MethodRedirector@1daf3b44 to Target : cpw.mods.modlauncher.api.TargetType@53499d85 {Lnet/minecraft/world/entity/animal/horse/SkeletonTrapGoal;} {} {V}
[16авг.2025 18:17:52.491] [main/DEBUG] [cpw.mods.modlauncher.TransformStore/MODLAUNCHER]: Adding transformer net.neoforged.neoforge.coremods.MethodRedirector@1daf3b44 to Target : cpw.mods.modlauncher.api.TargetType@53499d85 {Lnet/minecraft/world/entity/npc/CatSpawner;} {} {V}
[16авг.2025 18:17:52.491] [main/DEBUG] [cpw.mods.modlauncher.TransformStore/MODLAUNCHER]: Adding transformer net.neoforged.neoforge.coremods.MethodRedirector@1daf3b44 to Target : cpw.mods.modlauncher.api.TargetType@53499d85 {Lnet/minecraft/world/level/levelgen/structure/structures/SwampHutPiece;} {} {V}
[16авг.2025 18:17:52.491] [main/DEBUG] [cpw.mods.modlauncher.TransformStore/MODLAUNCHER]: Adding transformer net.neoforged.neoforge.coremods.MethodRedirector@1daf3b44 to Target : cpw.mods.modlauncher.api.TargetType@53499d85 {Lnet/minecraft/world/entity/animal/frog/Tadpole;} {} {V}
[16авг.2025 18:17:52.491] [main/DEBUG] [cpw.mods.modlauncher.TransformStore/MODLAUNCHER]: Adding transformer net.neoforged.neoforge.coremods.MethodRedirector@1daf3b44 to Target : cpw.mods.modlauncher.api.TargetType@53499d85 {Lnet/minecraft/world/entity/monster/Evoker$EvokerSummonSpellGoal;} {} {V}
[16авг.2025 18:17:52.491] [main/DEBUG] [cpw.mods.modlauncher.TransformStore/MODLAUNCHER]: Adding transformer net.neoforged.neoforge.coremods.MethodRedirector@1daf3b44 to Target : cpw.mods.modlauncher.api.TargetType@53499d85 {Lnet/minecraft/world/level/levelgen/structure/structures/OceanMonumentPieces$OceanMonumentPiece;} {} {V}
[16авг.2025 18:17:52.492] [main/DEBUG] [cpw.mods.modlauncher.TransformStore/MODLAUNCHER]: Adding transformer net.neoforged.neoforge.coremods.MethodRedirector@1daf3b44 to Target : cpw.mods.modlauncher.api.TargetType@53499d85 {Lnet/minecraft/world/entity/raid/Raid;} {} {V}
[16авг.2025 18:17:52.492] [main/DEBUG] [cpw.mods.modlauncher.TransformStore/MODLAUNCHER]: Adding transformer net.neoforged.neoforge.coremods.MethodRedirector@1daf3b44 to Target : cpw.mods.modlauncher.api.TargetType@53499d85 {Lnet/minecraft/world/level/levelgen/structure/templatesystem/StructureTemplate;} {} {V}
[16авг.2025 18:17:52.492] [main/DEBUG] [cpw.mods.modlauncher.TransformStore/MODLAUNCHER]: Adding transformer net.neoforged.neoforge.coremods.MethodRedirector@1daf3b44 to Target : cpw.mods.modlauncher.api.TargetType@53499d85 {Lnet/minecraft/world/entity/monster/Spider;} {} {V}
[16авг.2025 18:17:52.492] [main/DEBUG] [cpw.mods.modlauncher.TransformStore/MODLAUNCHER]: Adding transformer net.neoforged.neoforge.coremods.MethodRedirector@1daf3b44 to Target : cpw.mods.modlauncher.api.TargetType@53499d85 {Lnet/minecraft/world/level/levelgen/structure/structures/OceanRuinPieces$OceanRuinPiece;} {} {V}
[16авг.2025 18:17:52.492] [main/DEBUG] [cpw.mods.modlauncher.TransformStore/MODLAUNCHER]: Adding transformer net.neoforged.neoforge.coremods.MethodRedirector@1daf3b44 to Target : cpw.mods.modlauncher.api.TargetType@53499d85 {Lnet/minecraft/world/entity/monster/ZombieVillager;} {} {V}
[16авг.2025 18:17:52.492] [main/DEBUG] [cpw.mods.modlauncher.TransformStore/MODLAUNCHER]: Adding transformer net.neoforged.neoforge.coremods.MethodRedirector@1daf3b44 to Target : cpw.mods.modlauncher.api.TargetType@53499d85 {Lnet/minecraft/world/entity/npc/Villager;} {} {V}
[16авг.2025 18:17:52.492] [main/DEBUG] [cpw.mods.modlauncher.TransformStore/MODLAUNCHER]: Adding transformer net.neoforged.neoforge.coremods.MethodRedirector@1daf3b44 to Target : cpw.mods.modlauncher.api.TargetType@53499d85 {Lnet/minecraft/world/level/levelgen/PhantomSpawner;} {} {V}
[16авг.2025 18:17:52.493] [main/DEBUG] [cpw.mods.modlauncher.TransformationServiceDecorator/MODLAUNCHER]: Initialized transformers for transformation service fml
[16авг.2025 18:17:53.328] [main/DEBUG] [mixin/]: Processing prepare() for PlatformAgent[MixinPlatformAgentDefault:ModLauncher Root Container(ModLauncher:4f56a0a2)]
[16авг.2025 18:17:53.328] [main/DEBUG] [mixin/]: Processing prepare() for PlatformAgent[MixinPlatformAgentDefault:net.neoforged.fml.loading.mixin.FMLMixinContainerHandle@3e1a3801]
[16авг.2025 18:17:53.328] [main/DEBUG] [mixin/]: Processing prepare() for PlatformAgent[FMLMixinPlatformAgent:null]
[16авг.2025 18:17:53.420] [main/DEBUG] [mixin/]: Compatibility level JAVA_17 specified by geckolib.mixins.json is higher than the maximum level supported by this version of mixin (JAVA_13).
[16авг.2025 18:17:53.432] [main/INFO] [mixin/]: Compatibility level set to JAVA_17
[16авг.2025 18:17:53.437] [main/DEBUG] [mixin/]: Processing launch tasks for PlatformAgent[MixinPlatformAgentDefault:ModLauncher Root Container(ModLauncher:4f56a0a2)]
[16авг.2025 18:17:53.438] [main/DEBUG] [mixin/]: Adding mixin platform agents for container SecureJarResource(mixin_synthetic)
[16авг.2025 18:17:53.439] [main/DEBUG] [mixin/]: Instancing new MixinPlatformAgentMinecraftForge for SecureJarResource(mixin_synthetic)
[16авг.2025 18:17:53.439] [main/DEBUG] [mixin/]: MixinPlatformAgentMinecraftForge rejected container SecureJarResource(mixin_synthetic)
[16авг.2025 18:17:53.439] [main/DEBUG] [mixin/]: Instancing new MixinPlatformAgentDefault for SecureJarResource(mixin_synthetic)
[16авг.2025 18:17:53.440] [main/DEBUG] [mixin/]: MixinPlatformAgentDefault accepted container SecureJarResource(mixin_synthetic)
[16авг.2025 18:17:53.440] [main/DEBUG] [mixin/]: Instancing new FMLMixinPlatformAgent for SecureJarResource(mixin_synthetic)
[16авг.2025 18:17:53.441] [main/DEBUG] [mixin/]: FMLMixinPlatformAgent rejected container SecureJarResource(mixin_synthetic)
[16авг.2025 18:17:53.441] [main/DEBUG] [mixin/]: Processing prepare() for PlatformAgent[MixinPlatformAgentDefault:SecureJarResource(mixin_synthetic)]
[16авг.2025 18:17:53.441] [main/DEBUG] [mixin/]: Adding mixin platform agents for container SecureJarResource(minecraft)
[16авг.2025 18:17:53.442] [main/DEBUG] [mixin/]: Instancing new MixinPlatformAgentMinecraftForge for SecureJarResource(minecraft)
[16авг.2025 18:17:53.442] [main/DEBUG] [mixin/]: MixinPlatformAgentMinecraftForge rejected container SecureJarResource(minecraft)
[16авг.2025 18:17:53.442] [main/DEBUG] [mixin/]: Instancing new MixinPlatformAgentDefault for SecureJarResource(minecraft)
[16авг.2025 18:17:53.442] [main/DEBUG] [mixin/]: MixinPlatformAgentDefault accepted container SecureJarResource(minecraft)
[16авг.2025 18:17:53.442] [main/DEBUG] [mixin/]: Instancing new FMLMixinPlatformAgent for SecureJarResource(minecraft)
[16авг.2025 18:17:53.442] [main/DEBUG] [mixin/]: FMLMixinPlatformAgent rejected container SecureJarResource(minecraft)
[16авг.2025 18:17:53.443] [main/DEBUG] [mixin/]: Processing prepare() for PlatformAgent[MixinPlatformAgentDefault:SecureJarResource(minecraft)]
[16авг.2025 18:17:53.443] [main/DEBUG] [mixin/]: Adding mixin platform agents for container SecureJarResource(geckolib)
[16авг.2025 18:17:53.443] [main/DEBUG] [mixin/]: Instancing new MixinPlatformAgentMinecraftForge for SecureJarResource(geckolib)
[16авг.2025 18:17:53.443] [main/DEBUG] [mixin/]: MixinPlatformAgentMinecraftForge rejected container SecureJarResource(geckolib)
[16авг.2025 18:17:53.443] [main/DEBUG] [mixin/]: Instancing new MixinPlatformAgentDefault for SecureJarResource(geckolib)
[16авг.2025 18:17:53.443] [main/DEBUG] [mixin/]: MixinPlatformAgentDefault accepted container SecureJarResource(geckolib)
[16авг.2025 18:17:53.443] [main/DEBUG] [mixin/]: Instancing new FMLMixinPlatformAgent for SecureJarResource(geckolib)
[16авг.2025 18:17:53.443] [main/DEBUG] [mixin/]: FMLMixinPlatformAgent rejected container SecureJarResource(geckolib)
[16авг.2025 18:17:53.443] [main/DEBUG] [mixin/]: Processing prepare() for PlatformAgent[MixinPlatformAgentDefault:SecureJarResource(geckolib)]
[16авг.2025 18:17:53.444] [main/DEBUG] [mixin/]: Registering mixin config: geckolib.mixins.json source=SecureJarResource(geckolib)
[16авг.2025 18:17:53.444] [main/DEBUG] [mixin/]: Adding mixin platform agents for container SecureJarResource(prapor)
[16авг.2025 18:17:53.444] [main/DEBUG] [mixin/]: Instancing new MixinPlatformAgentMinecraftForge for SecureJarResource(prapor)
[16авг.2025 18:17:53.444] [main/DEBUG] [mixin/]: MixinPlatformAgentMinecraftForge rejected container SecureJarResource(prapor)
[16авг.2025 18:17:53.444] [main/DEBUG] [mixin/]: Instancing new MixinPlatformAgentDefault for SecureJarResource(prapor)
[16авг.2025 18:17:53.444] [main/DEBUG] [mixin/]: MixinPlatformAgentDefault accepted container SecureJarResource(prapor)
[16авг.2025 18:17:53.445] [main/DEBUG] [mixin/]: Instancing new FMLMixinPlatformAgent for SecureJarResource(prapor)
[16авг.2025 18:17:53.445] [main/DEBUG] [mixin/]: FMLMixinPlatformAgent rejected container SecureJarResource(prapor)
[16авг.2025 18:17:53.445] [main/DEBUG] [mixin/]: Processing prepare() for PlatformAgent[MixinPlatformAgentDefault:SecureJarResource(prapor)]
[16авг.2025 18:17:53.445] [main/DEBUG] [mixin/]: Adding mixin platform agents for container SecureJarResource(mixinextras.neoforge)
[16авг.2025 18:17:53.445] [main/DEBUG] [mixin/]: Instancing new MixinPlatformAgentMinecraftForge for SecureJarResource(mixinextras.neoforge)
[16авг.2025 18:17:53.445] [main/DEBUG] [mixin/]: MixinPlatformAgentMinecraftForge rejected container SecureJarResource(mixinextras.neoforge)
[16авг.2025 18:17:53.445] [main/DEBUG] [mixin/]: Instancing new MixinPlatformAgentDefault for SecureJarResource(mixinextras.neoforge)
[16авг.2025 18:17:53.445] [main/DEBUG] [mixin/]: MixinPlatformAgentDefault accepted container SecureJarResource(mixinextras.neoforge)
[16авг.2025 18:17:53.445] [main/DEBUG] [mixin/]: Instancing new FMLMixinPlatformAgent for SecureJarResource(mixinextras.neoforge)
[16авг.2025 18:17:53.445] [main/DEBUG] [mixin/]: FMLMixinPlatformAgent rejected container SecureJarResource(mixinextras.neoforge)
[16авг.2025 18:17:53.445] [main/DEBUG] [mixin/]: Processing prepare() for PlatformAgent[MixinPlatformAgentDefault:SecureJarResource(mixinextras.neoforge)]
[16авг.2025 18:17:53.445] [main/DEBUG] [mixin/]: Registering mixin config: mixinextras.init.mixins.json source=SecureJarResource(mixinextras.neoforge)
[16авг.2025 18:17:53.448] [main/DEBUG] [mixin/]: inject() running with 7 agents
[16авг.2025 18:17:53.448] [main/DEBUG] [mixin/]: Processing inject() for PlatformAgent[MixinPlatformAgentDefault:ModLauncher Root Container(ModLauncher:4f56a0a2)]
[16авг.2025 18:17:53.448] [main/DEBUG] [mixin/]: Processing inject() for PlatformAgent[MixinPlatformAgentDefault:net.neoforged.fml.loading.mixin.FMLMixinContainerHandle@3e1a3801]
[16авг.2025 18:17:53.449] [main/DEBUG] [mixin/]: Processing inject() for PlatformAgent[FMLMixinPlatformAgent:null]
[16авг.2025 18:17:53.449] [main/DEBUG] [mixin/]: Processing inject() for PlatformAgent[MixinPlatformAgentDefault:SecureJarResource(mixin_synthetic)]
[16авг.2025 18:17:53.449] [main/DEBUG] [mixin/]: Processing inject() for PlatformAgent[MixinPlatformAgentDefault:SecureJarResource(minecraft)]
[16авг.2025 18:17:53.449] [main/DEBUG] [mixin/]: Processing inject() for PlatformAgent[MixinPlatformAgentDefault:SecureJarResource(geckolib)]
[16авг.2025 18:17:53.449] [main/DEBUG] [mixin/]: Processing inject() for PlatformAgent[MixinPlatformAgentDefault:SecureJarResource(prapor)]
[16авг.2025 18:17:53.449] [main/DEBUG] [mixin/]: Processing inject() for PlatformAgent[MixinPlatformAgentDefault:SecureJarResource(mixinextras.neoforge)]
[16авг.2025 18:17:53.449] [main/INFO] [cpw.mods.modlauncher.LaunchServiceHandler/MODLAUNCHER]: Launching target 'forgeclientuserdev' with arguments [--version, 21.1.65, --gameDir, ., --assetsDir, C:\Users\delta\.gradle\caches\neoformruntime\assets, --assetIndex, 17]
[16авг.2025 18:17:53.505] [main/DEBUG] [mixin/]: Preparing mixins for MixinEnvironment[DEFAULT]
[16авг.2025 18:17:53.505] [main/DEBUG] [mixin/]: Selecting config geckolib.mixins.json
[16авг.2025 18:17:53.512] [main/WARN] [mixin/]: Reference map 'geckolib.refmap.json' for geckolib.mixins.json could not be read. If this is a development environment you can ignore this message
[16авг.2025 18:17:53.513] [main/DEBUG] [mixin/]: Selecting config neoforge.mixins.json
[16авг.2025 18:17:53.514] [main/DEBUG] [mixin/]: Selecting config mixins.praporupdate.json
[16авг.2025 18:17:53.515] [main/WARN] [mixin/]: Reference map 'prapor.refmap.json' for mixins.praporupdate.json could not be read. If this is a development environment you can ignore this message
[16авг.2025 18:17:53.516] [main/DEBUG] [mixin/]: Selecting config mixinextras.init.mixins.json
[16авг.2025 18:17:53.559] [main/DEBUG] [MixinExtras|Service/]: com.llamalad7.mixinextras.service.MixinExtrasServiceImpl(version=0.4.1) is taking over from null
[16авг.2025 18:17:53.587] [main/DEBUG] [mixin/]: Registering new injector for @Inject with org.spongepowered.asm.mixin.injection.struct.CallbackInjectionInfo
[16авг.2025 18:17:53.588] [main/DEBUG] [mixin/]: Registering new injector for @ModifyArg with org.spongepowered.asm.mixin.injection.struct.ModifyArgInjectionInfo
[16авг.2025 18:17:53.588] [main/DEBUG] [mixin/]: Registering new injector for @ModifyArgs with org.spongepowered.asm.mixin.injection.struct.ModifyArgsInjectionInfo
[16авг.2025 18:17:53.589] [main/DEBUG] [mixin/]: Registering new injector for @Redirect with org.spongepowered.asm.mixin.injection.struct.RedirectInjectionInfo
[16авг.2025 18:17:53.590] [main/DEBUG] [mixin/]: Registering new injector for @ModifyVariable with org.spongepowered.asm.mixin.injection.struct.ModifyVariableInjectionInfo
[16авг.2025 18:17:53.593] [main/DEBUG] [mixin/]: Registering new injector for @ModifyConstant with org.spongepowered.asm.mixin.injection.struct.ModifyConstantInjectionInfo
[16авг.2025 18:17:53.605] [main/DEBUG] [mixin/]: Preparing geckolib.mixins.json (4)
[16авг.2025 18:17:53.671] [main/DEBUG] [mixin/]: Preparing neoforge.mixins.json (2)
[16авг.2025 18:17:53.682] [main/DEBUG] [mixin/]: Preparing mixins.praporupdate.json (0)
[16авг.2025 18:17:53.682] [main/DEBUG] [mixin/]: Preparing mixinextras.init.mixins.json (0)
[16авг.2025 18:17:53.876] [main/DEBUG] [io.netty.util.internal.logging.InternalLoggerFactory/]: Using SLF4J as the default logging framework
[16авг.2025 18:17:53.879] [main/DEBUG] [io.netty.util.ResourceLeakDetector/]: -Dio.netty.leakDetection.level: simple
[16авг.2025 18:17:53.879] [main/DEBUG] [io.netty.util.ResourceLeakDetector/]: -Dio.netty.leakDetection.targetRecords: 4
[16авг.2025 18:17:54.702] [main/DEBUG] [oshi.util.FileUtil/]: No oshi.properties file found from ClassLoader cpw.mods.modlauncher.TransformingClassLoader@718dbd79
[16авг.2025 18:17:55.058] [Datafixer Bootstrap/INFO] [com.mojang.datafixers.DataFixerBuilder/]: 229 Datafixer optimizations took 384 milliseconds
[16авг.2025 18:17:55.061] [main/DEBUG] [oshi.util.FileUtil/]: No oshi.architecture.properties file found from ClassLoader cpw.mods.modlauncher.TransformingClassLoader@718dbd79
[16авг.2025 18:17:55.147] [pool-8-thread-1/INFO] [MixinExtras|Service/]: Initializing MixinExtras via com.llamalad7.mixinextras.service.MixinExtrasServiceImpl(version=0.4.1).
[16авг.2025 18:17:55.147] [pool-8-thread-1/DEBUG] [mixin/]: Registering new injector for @SugarWrapper with com.llamalad7.mixinextras.sugar.impl.SugarWrapperInjectionInfo
[16авг.2025 18:17:55.148] [pool-8-thread-1/DEBUG] [mixin/]: Registering new injector for @FactoryRedirectWrapper with com.llamalad7.mixinextras.wrapper.factory.FactoryRedirectWrapperInjectionInfo
[16авг.2025 18:17:55.151] [pool-8-thread-1/DEBUG] [mixin/]: Mixing MappedRegistryAccessor from neoforge.mixins.json into net.minecraft.core.MappedRegistry
[16авг.2025 18:17:55.155] [pool-8-thread-1/DEBUG] [mixin/]: neoforge.mixins.json:MappedRegistryAccessor from mod neoforge: Class version 65 required is higher than the class version supported by the current version of Mixin (JAVA_17 supports class version 61)
[16авг.2025 18:17:56.013] [pool-8-thread-1/DEBUG] [mixin/]: Mixing BlockEntityTypeAccessor from neoforge.mixins.json into net.minecraft.world.level.block.entity.BlockEntityType
[16авг.2025 18:17:56.014] [pool-8-thread-1/DEBUG] [mixin/]: neoforge.mixins.json:BlockEntityTypeAccessor from mod neoforge: Class version 65 required is higher than the class version supported by the current version of Mixin (JAVA_17 supports class version 61)
[16авг.2025 18:17:57.151] [pool-8-thread-1/DEBUG] [io.netty.util.internal.PlatformDependent0/]: -Dio.netty.noUnsafe: false
[16авг.2025 18:17:57.151] [pool-8-thread-1/DEBUG] [io.netty.util.internal.PlatformDependent0/]: Java version: 21
[16авг.2025 18:17:57.152] [pool-8-thread-1/DEBUG] [io.netty.util.internal.PlatformDependent0/]: sun.misc.Unsafe.theUnsafe: available
[16авг.2025 18:17:57.152] [pool-8-thread-1/DEBUG] [io.netty.util.internal.PlatformDependent0/]: sun.misc.Unsafe.copyMemory: available
[16авг.2025 18:17:57.153] [pool-8-thread-1/DEBUG] [io.netty.util.internal.PlatformDependent0/]: sun.misc.Unsafe.storeFence: available
[16авг.2025 18:17:57.153] [pool-8-thread-1/DEBUG] [io.netty.util.internal.PlatformDependent0/]: java.nio.Buffer.address: available
[16авг.2025 18:17:57.153] [pool-8-thread-1/DEBUG] [io.netty.util.internal.PlatformDependent0/]: direct buffer constructor: unavailable: Reflective setAccessible(true) disabled
[16авг.2025 18:17:57.154] [pool-8-thread-1/DEBUG] [io.netty.util.internal.PlatformDependent0/]: java.nio.Bits.unaligned: available, true
[16авг.2025 18:17:57.155] [pool-8-thread-1/DEBUG] [io.netty.util.internal.PlatformDependent0/]: jdk.internal.misc.Unsafe.allocateUninitializedArray(int): unavailable: class io.netty.util.internal.PlatformDependent0$7 (in module io.netty.common) cannot access class jdk.internal.misc.Unsafe (in module java.base) because module java.base does not export jdk.internal.misc to module io.netty.common
[16авг.2025 18:17:57.156] [pool-8-thread-1/DEBUG] [io.netty.util.internal.PlatformDependent0/]: java.nio.DirectByteBuffer.<init>(long, {int,long}): unavailable
[16авг.2025 18:17:57.156] [pool-8-thread-1/DEBUG] [io.netty.util.internal.PlatformDependent/]: sun.misc.Unsafe: available
[16авг.2025 18:17:57.157] [pool-8-thread-1/DEBUG] [io.netty.util.internal.PlatformDependent/]: maxDirectMemory: 8539602944 bytes (maybe)
[16авг.2025 18:17:57.157] [pool-8-thread-1/DEBUG] [io.netty.util.internal.PlatformDependent/]: -Dio.netty.tmpdir: C:\Users\delta\AppData\Local\Temp (java.io.tmpdir)
[16авг.2025 18:17:57.157] [pool-8-thread-1/DEBUG] [io.netty.util.internal.PlatformDependent/]: -Dio.netty.bitMode: 64 (sun.arch.data.model)
[16авг.2025 18:17:57.157] [pool-8-thread-1/DEBUG] [io.netty.util.internal.PlatformDependent/]: Platform: Windows
[16авг.2025 18:17:57.158] [pool-8-thread-1/DEBUG] [io.netty.util.internal.PlatformDependent/]: -Dio.netty.maxDirectMemory: -1 bytes
[16авг.2025 18:17:57.158] [pool-8-thread-1/DEBUG] [io.netty.util.internal.PlatformDependent/]: -Dio.netty.uninitializedArrayAllocationThreshold: -1
[16авг.2025 18:17:57.159] [pool-8-thread-1/DEBUG] [io.netty.util.internal.CleanerJava9/]: java.nio.ByteBuffer.cleaner(): available
[16авг.2025 18:17:57.160] [pool-8-thread-1/DEBUG] [io.netty.util.internal.PlatformDependent/]: -Dio.netty.noPreferDirect: false
[16авг.2025 18:17:59.680] [main/WARN] [net.minecraft.commands.Commands/]: Ambiguity between arguments [teleport, location] and [teleport, destination] with inputs: [0.1 -0.5 .9, 0 0 0]
[16авг.2025 18:17:59.682] [main/WARN] [net.minecraft.commands.Commands/]: Ambiguity between arguments [teleport, location] and [teleport, targets] with inputs: [0.1 -0.5 .9, 0 0 0]
[16авг.2025 18:17:59.684] [main/WARN] [net.minecraft.commands.Commands/]: Ambiguity between arguments [teleport, destination] and [teleport, targets] with inputs: [Player, 0123, @e, dd12be42-52a9-4a91-a8a1-11c01849e498]
[16авг.2025 18:17:59.686] [main/WARN] [net.minecraft.commands.Commands/]: Ambiguity between arguments [teleport, targets] and [teleport, destination] with inputs: [Player, 0123, dd12be42-52a9-4a91-a8a1-11c01849e498]
[16авг.2025 18:17:59.686] [main/WARN] [net.minecraft.commands.Commands/]: Ambiguity between arguments [teleport, targets, location] and [teleport, targets, destination] with inputs: [0.1 -0.5 .9, 0 0 0]
[16авг.2025 18:17:59.803] [Render thread/WARN] [net.minecraft.server.packs.VanillaPackResourcesBuilder/]: Assets URL 'union:/Z:/MCreatorWorkspaces/praporupdate/build/moddev/artifacts/neoforge-21.1.65-minecraft-merged.jar%23183!/assets/.mcassetsroot' uses unexpected schema
[16авг.2025 18:17:59.803] [Render thread/WARN] [net.minecraft.server.packs.VanillaPackResourcesBuilder/]: Assets URL 'union:/Z:/MCreatorWorkspaces/praporupdate/build/moddev/artifacts/neoforge-21.1.65-minecraft-merged.jar%23183!/data/.mcassetsroot' uses unexpected schema
[16авг.2025 18:17:59.829] [Render thread/INFO] [com.mojang.authlib.yggdrasil.YggdrasilAuthenticationService/]: Environment: Environment[sessionHost=https://sessionserver.mojang.com, servicesHost=https://api.minecraftservices.com, name=PROD]
[16авг.2025 18:17:59.843] [Render thread/INFO] [net.minecraft.client.Minecraft/]: Setting user: Dev
[16авг.2025 18:17:59.936] [Render thread/INFO] [net.minecraft.client.Minecraft/]: Backend library: LWJGL version 3.3.3+5
[16авг.2025 18:18:00.110] [Render thread/DEBUG] [net.neoforged.fml.ModWorkManager/LOADING]: Using 12 threads for parallel mod-loading
[16авг.2025 18:18:00.135] [Render thread/DEBUG] [net.neoforged.fml.javafmlmod.FMLModContainer/LOADING]: Creating FMLModContainer instance for [software.bernie.geckolib.GeckoLib]
[16авг.2025 18:18:00.138] [Render thread/DEBUG] [net.neoforged.fml.javafmlmod.FMLModContainer/LOADING]: Creating FMLModContainer instance for [net.neoforged.neoforge.common.NeoForgeMod, net.neoforged.neoforge.client.ClientNeoForgeMod]
[16авг.2025 18:18:00.143] [Render thread/DEBUG] [net.neoforged.fml.javafmlmod.FMLModContainer/LOADING]: Creating FMLModContainer instance for [net.knifick.praporupdate.PraporMod]
[16авг.2025 18:18:00.164] [modloading-worker-0/DEBUG] [GeckoLib/]: Loaded software.bernie.geckolib.platform.GeckoLibNeoForge@6b4ffe24 for service interface software.bernie.geckolib.service.GeckoLibPlatform
[16авг.2025 18:18:00.165] [modloading-worker-0/DEBUG] [GeckoLib/]: Loaded software.bernie.geckolib.network.GeckoLibNetworkingNeoForge@2cdef36b for service interface software.bernie.geckolib.service.GeckoLibNetworking
[16авг.2025 18:18:00.168] [modloading-worker-0/DEBUG] [net.neoforged.neoforge.internal.versions.neoforge.NeoForgeVersion/CORE]: Found NeoForge version 21.1.65
[16авг.2025 18:18:00.168] [modloading-worker-0/DEBUG] [net.neoforged.neoforge.internal.versions.neoforge.NeoForgeVersion/CORE]: Found FML version 4.0.24
[16авг.2025 18:18:00.168] [modloading-worker-0/INFO] [net.neoforged.neoforge.common.NeoForgeMod/NEOFORGE-MOD]: NeoForge mod loading, version 21.1.65, for MC 1.21.1
[16авг.2025 18:18:00.168] [modloading-worker-0/DEBUG] [net.neoforged.fml.javafmlmod.AutomaticEventSubscriber/LOADING]: Attempting to inject @EventBusSubscriber classes into the eventbus for geckolib
[16авг.2025 18:18:00.194] [modloading-worker-0/DEBUG] [net.neoforged.fml.config.ConfigTracker/CONFIG]: Config file neoforge-client.toml for neoforge tracking
[16авг.2025 18:18:00.194] [modloading-worker-0/DEBUG] [net.neoforged.fml.config.ConfigTracker/CONFIG]: Config file neoforge-server.toml for neoforge tracking
[16авг.2025 18:18:00.194] [modloading-worker-0/DEBUG] [net.neoforged.fml.config.ConfigTracker/CONFIG]: Config file neoforge-common.toml for neoforge tracking
[16авг.2025 18:18:00.260] [modloading-worker-0/DEBUG] [net.neoforged.fml.javafmlmod.AutomaticEventSubscriber/LOADING]: Attempting to inject @EventBusSubscriber classes into the eventbus for neoforge
[16авг.2025 18:18:00.263] [modloading-worker-0/DEBUG] [net.neoforged.fml.javafmlmod.AutomaticEventSubscriber/LOADING]: Auto-subscribing net.neoforged.neoforge.server.command.ConfigCommand to GAME
[16авг.2025 18:18:00.264] [modloading-worker-0/DEBUG] [net.neoforged.fml.javafmlmod.AutomaticEventSubscriber/LOADING]: Auto-subscribing net.neoforged.neoforge.network.filters.GenericPacketSplitter to MOD
[16авг.2025 18:18:00.291] [modloading-worker-0/DEBUG] [io.netty.buffer.AbstractByteBuf/]: -Dio.netty.buffer.checkAccessible: true
[16авг.2025 18:18:00.291] [modloading-worker-0/DEBUG] [io.netty.buffer.AbstractByteBuf/]: -Dio.netty.buffer.checkBounds: true
[16авг.2025 18:18:00.292] [modloading-worker-0/DEBUG] [io.netty.util.ResourceLeakDetectorFactory/]: Loaded default ResourceLeakDetector: io.netty.util.ResourceLeakDetector@40a4a8cc
[16авг.2025 18:18:00.299] [modloading-worker-0/DEBUG] [io.netty.util.internal.InternalThreadLocalMap/]: -Dio.netty.threadLocalMap.stringBuilder.initialSize: 1024
[16авг.2025 18:18:00.299] [modloading-worker-0/DEBUG] [io.netty.util.internal.InternalThreadLocalMap/]: -Dio.netty.threadLocalMap.stringBuilder.maxSize: 4096
[16авг.2025 18:18:00.302] [modloading-worker-0/DEBUG] [io.netty.buffer.PooledByteBufAllocator/]: -Dio.netty.allocator.numHeapArenas: 24
[16авг.2025 18:18:00.302] [modloading-worker-0/DEBUG] [io.netty.buffer.PooledByteBufAllocator/]: -Dio.netty.allocator.numDirectArenas: 24
[16авг.2025 18:18:00.302] [modloading-worker-0/DEBUG] [io.netty.buffer.PooledByteBufAllocator/]: -Dio.netty.allocator.pageSize: 8192
[16авг.2025 18:18:00.302] [modloading-worker-0/DEBUG] [io.netty.buffer.PooledByteBufAllocator/]: -Dio.netty.allocator.maxOrder: 9
[16авг.2025 18:18:00.302] [modloading-worker-0/DEBUG] [io.netty.buffer.PooledByteBufAllocator/]: -Dio.netty.allocator.chunkSize: 4194304
[16авг.2025 18:18:00.302] [modloading-worker-0/DEBUG] [io.netty.buffer.PooledByteBufAllocator/]: -Dio.netty.allocator.smallCacheSize: 256
[16авг.2025 18:18:00.302] [modloading-worker-0/DEBUG] [io.netty.buffer.PooledByteBufAllocator/]: -Dio.netty.allocator.normalCacheSize: 64
[16авг.2025 18:18:00.302] [modloading-worker-0/DEBUG] [io.netty.buffer.PooledByteBufAllocator/]: -Dio.netty.allocator.maxCachedBufferCapacity: 32768
[16авг.2025 18:18:00.302] [modloading-worker-0/DEBUG] [io.netty.buffer.PooledByteBufAllocator/]: -Dio.netty.allocator.cacheTrimInterval: 8192
[16авг.2025 18:18:00.302] [modloading-worker-0/DEBUG] [io.netty.buffer.PooledByteBufAllocator/]: -Dio.netty.allocator.cacheTrimIntervalMillis: 0
[16авг.2025 18:18:00.303] [modloading-worker-0/DEBUG] [io.netty.buffer.PooledByteBufAllocator/]: -Dio.netty.allocator.useCacheForAllThreads: false
[16авг.2025 18:18:00.303] [modloading-worker-0/DEBUG] [io.netty.buffer.PooledByteBufAllocator/]: -Dio.netty.allocator.maxCachedByteBuffersPerChunk: 1023
[16авг.2025 18:18:00.313] [modloading-worker-0/DEBUG] [io.netty.buffer.ByteBufUtil/]: -Dio.netty.allocator.type: pooled
[16авг.2025 18:18:00.313] [modloading-worker-0/DEBUG] [io.netty.buffer.ByteBufUtil/]: -Dio.netty.threadLocalDirectBufferSize: 0
[16авг.2025 18:18:00.313] [modloading-worker-0/DEBUG] [io.netty.buffer.ByteBufUtil/]: -Dio.netty.maxThreadLocalCharBufferSize: 16384
[16авг.2025 18:18:00.321] [modloading-worker-0/DEBUG] [net.neoforged.fml.javafmlmod.AutomaticEventSubscriber/LOADING]: Auto-subscribing net.neoforged.neoforge.network.NetworkInitialization to MOD
[16авг.2025 18:18:00.323] [modloading-worker-0/DEBUG] [net.neoforged.fml.javafmlmod.AutomaticEventSubscriber/LOADING]: Auto-subscribing net.neoforged.neoforge.network.ConfigurationInitialization to MOD
[16авг.2025 18:18:00.325] [modloading-worker-0/DEBUG] [net.neoforged.fml.javafmlmod.AutomaticEventSubscriber/LOADING]: Auto-subscribing net.neoforged.neoforge.common.MonsterRoomHooks to GAME
[16авг.2025 18:18:00.326] [modloading-worker-0/DEBUG] [net.neoforged.fml.javafmlmod.AutomaticEventSubscriber/LOADING]: Auto-subscribing net.neoforged.neoforge.common.DeferredSpawnEggItem$CommonHandler to MOD
[16авг.2025 18:18:00.327] [modloading-worker-0/DEBUG] [net.neoforged.fml.javafmlmod.AutomaticEventSubscriber/LOADING]: Auto-subscribing net.neoforged.neoforge.common.DeferredSpawnEggItem$ColorRegisterHandler to MOD
[16авг.2025 18:18:00.329] [modloading-worker-0/DEBUG] [net.neoforged.fml.javafmlmod.AutomaticEventSubscriber/LOADING]: Auto-subscribing net.neoforged.neoforge.client.model.data.ModelDataManager to GAME
[16авг.2025 18:18:00.331] [modloading-worker-0/DEBUG] [net.neoforged.fml.javafmlmod.AutomaticEventSubscriber/LOADING]: Auto-subscribing net.neoforged.neoforge.client.ParticleBoundsDebugRenderer to GAME
[16авг.2025 18:18:00.334] [modloading-worker-0/DEBUG] [net.neoforged.fml.javafmlmod.AutomaticEventSubscriber/LOADING]: Auto-subscribing net.neoforged.neoforge.client.ClientHooks$ClientEvents to MOD
[16авг.2025 18:18:00.337] [modloading-worker-0/DEBUG] [net.neoforged.fml.javafmlmod.AutomaticEventSubscriber/LOADING]: Auto-subscribing net.neoforged.neoforge.client.BlockEntityRenderBoundsDebugRenderer to GAME
[16авг.2025 18:18:00.338] [modloading-worker-0/DEBUG] [net.neoforged.fml.javafmlmod.AutomaticEventSubscriber/LOADING]: Auto-subscribing net.neoforged.neoforge.attachment.AttachmentInternals to GAME
[16авг.2025 18:18:00.394] [modloading-worker-0/DEBUG] [net.neoforged.fml.javafmlmod.AutomaticEventSubscriber/LOADING]: Attempting to inject @EventBusSubscriber classes into the eventbus for prapor
[16авг.2025 18:18:00.395] [modloading-worker-0/DEBUG] [net.neoforged.fml.javafmlmod.AutomaticEventSubscriber/LOADING]: Auto-subscribing net.knifick.praporupdate.block.listener.ClientListener to MOD
[16авг.2025 18:18:00.398] [modloading-worker-0/DEBUG] [net.neoforged.fml.javafmlmod.AutomaticEventSubscriber/LOADING]: Auto-subscribing net.knifick.praporupdate.client.ClientEvents to GAME
[16авг.2025 18:18:00.400] [modloading-worker-0/DEBUG] [net.neoforged.fml.javafmlmod.AutomaticEventSubscriber/LOADING]: Auto-subscribing net.knifick.praporupdate.client.screens.Screamer10Overlay to GAME
[16авг.2025 18:18:00.401] [modloading-worker-0/DEBUG] [net.neoforged.fml.javafmlmod.AutomaticEventSubscriber/LOADING]: Auto-subscribing net.knifick.praporupdate.client.screens.Screamer2Overlay to GAME
[16авг.2025 18:18:00.402] [modloading-worker-0/DEBUG] [net.neoforged.fml.javafmlmod.AutomaticEventSubscriber/LOADING]: Auto-subscribing net.knifick.praporupdate.client.screens.Screamer3Overlay to GAME
[16авг.2025 18:18:00.403] [modloading-worker-0/DEBUG] [net.neoforged.fml.javafmlmod.AutomaticEventSubscriber/LOADING]: Auto-subscribing net.knifick.praporupdate.client.screens.Screamer4Overlay to GAME
[16авг.2025 18:18:00.403] [modloading-worker-0/DEBUG] [net.neoforged.fml.javafmlmod.AutomaticEventSubscriber/LOADING]: Auto-subscribing net.knifick.praporupdate.client.screens.Screamer5Overlay to GAME
[16авг.2025 18:18:00.404] [modloading-worker-0/DEBUG] [net.neoforged.fml.javafmlmod.AutomaticEventSubscriber/LOADING]: Auto-subscribing net.knifick.praporupdate.client.screens.Screamer6Overlay to GAME
[16авг.2025 18:18:00.406] [modloading-worker-0/DEBUG] [net.neoforged.fml.javafmlmod.AutomaticEventSubscriber/LOADING]: Auto-subscribing net.knifick.praporupdate.client.screens.Screamer7Overlay to GAME
[16авг.2025 18:18:00.406] [modloading-worker-0/DEBUG] [net.neoforged.fml.javafmlmod.AutomaticEventSubscriber/LOADING]: Auto-subscribing net.knifick.praporupdate.client.screens.Screamer8Overlay to GAME
[16авг.2025 18:18:00.408] [modloading-worker-0/DEBUG] [net.neoforged.fml.javafmlmod.AutomaticEventSubscriber/LOADING]: Auto-subscribing net.knifick.praporupdate.client.screens.Screamer9Overlay to GAME
[16авг.2025 18:18:00.409] [modloading-worker-0/DEBUG] [net.neoforged.fml.javafmlmod.AutomaticEventSubscriber/LOADING]: Auto-subscribing net.knifick.praporupdate.client.screens.ScreamerOverlay to GAME
[16авг.2025 18:18:00.410] [modloading-worker-0/DEBUG] [net.neoforged.fml.javafmlmod.AutomaticEventSubscriber/LOADING]: Auto-subscribing net.knifick.praporupdate.event.casket.SpawnerBreakHandler to GAME
[16авг.2025 18:18:00.411] [modloading-worker-0/DEBUG] [net.neoforged.fml.javafmlmod.AutomaticEventSubscriber/LOADING]: Auto-subscribing net.knifick.praporupdate.event.effect.OnBreakEvent to GAME
[16авг.2025 18:18:00.412] [modloading-worker-0/DEBUG] [net.neoforged.fml.javafmlmod.AutomaticEventSubscriber/LOADING]: Auto-subscribing net.knifick.praporupdate.event.effect.PulseEffectHandler to GAME
[16авг.2025 18:18:00.413] [modloading-worker-0/DEBUG] [net.neoforged.fml.javafmlmod.AutomaticEventSubscriber/LOADING]: Auto-subscribing net.knifick.praporupdate.event.hat.GolemHat to GAME
[16авг.2025 18:18:00.414] [modloading-worker-0/DEBUG] [net.neoforged.fml.javafmlmod.AutomaticEventSubscriber/LOADING]: Auto-subscribing net.knifick.praporupdate.event.hat.IllagerHat to GAME
[16авг.2025 18:18:00.415] [modloading-worker-0/DEBUG] [net.neoforged.fml.javafmlmod.AutomaticEventSubscriber/LOADING]: Auto-subscribing net.knifick.praporupdate.event.hat.TooltipHider to GAME
[16авг.2025 18:18:00.416] [modloading-worker-0/DEBUG] [net.neoforged.fml.javafmlmod.AutomaticEventSubscriber/LOADING]: Auto-subscribing net.knifick.praporupdate.event.hat.VillagerHat to GAME
[16авг.2025 18:18:00.417] [modloading-worker-0/DEBUG] [net.neoforged.fml.javafmlmod.AutomaticEventSubscriber/LOADING]: Auto-subscribing net.knifick.praporupdate.event.ironkin.UpgradeActivator to GAME
[16авг.2025 18:18:00.418] [modloading-worker-0/DEBUG] [net.neoforged.fml.javafmlmod.AutomaticEventSubscriber/LOADING]: Auto-subscribing net.knifick.praporupdate.event.mace.BMaceKillEvent to GAME
[16авг.2025 18:18:00.419] [modloading-worker-0/DEBUG] [net.neoforged.fml.javafmlmod.AutomaticEventSubscriber/LOADING]: Auto-subscribing net.knifick.praporupdate.event.pooker.LookAtPookerHandler to GAME
[16авг.2025 18:18:00.420] [modloading-worker-0/DEBUG] [net.neoforged.fml.javafmlmod.AutomaticEventSubscriber/LOADING]: Auto-subscribing net.knifick.praporupdate.event.sucker.TossHandler to GAME
[16авг.2025 18:18:00.421] [modloading-worker-0/DEBUG] [net.neoforged.fml.javafmlmod.AutomaticEventSubscriber/LOADING]: Auto-subscribing net.knifick.praporupdate.init.EntityAnimationFactory to GAME
[16авг.2025 18:18:00.422] [modloading-worker-0/DEBUG] [net.neoforged.fml.javafmlmod.AutomaticEventSubscriber/LOADING]: Auto-subscribing net.knifick.praporupdate.init.ModCreativeModeTabEvents to MOD
[16авг.2025 18:18:00.423] [modloading-worker-0/DEBUG] [net.neoforged.fml.javafmlmod.AutomaticEventSubscriber/LOADING]: Auto-subscribing net.knifick.praporupdate.init.PraporModBlockEntities to MOD
[16авг.2025 18:18:00.423] [modloading-worker-0/DEBUG] [net.neoforged.fml.javafmlmod.AutomaticEventSubscriber/LOADING]: Auto-subscribing net.knifick.praporupdate.init.PraporModEntities to MOD
[16авг.2025 18:18:00.424] [modloading-worker-0/DEBUG] [net.neoforged.fml.javafmlmod.AutomaticEventSubscriber/LOADING]: Auto-subscribing net.knifick.praporupdate.init.PraporModEntityRenderers to MOD
[16авг.2025 18:18:00.425] [modloading-worker-0/DEBUG] [net.neoforged.fml.javafmlmod.AutomaticEventSubscriber/LOADING]: Auto-subscribing net.knifick.praporupdate.init.PraporModModels to MOD
[16авг.2025 18:18:00.426] [modloading-worker-0/DEBUG] [net.neoforged.fml.javafmlmod.AutomaticEventSubscriber/LOADING]: Auto-subscribing net.knifick.praporupdate.init.PraporModParticles to MOD
[16авг.2025 18:18:00.427] [modloading-worker-0/DEBUG] [net.neoforged.fml.javafmlmod.AutomaticEventSubscriber/LOADING]: Auto-subscribing net.knifick.praporupdate.init.PraporModTabs to MOD
[16авг.2025 18:18:00.427] [modloading-worker-0/DEBUG] [net.neoforged.fml.javafmlmod.AutomaticEventSubscriber/LOADING]: Auto-subscribing net.knifick.praporupdate.item.HatItem to MOD
[16авг.2025 18:18:00.433] [modloading-worker-0/DEBUG] [net.neoforged.fml.javafmlmod.AutomaticEventSubscriber/LOADING]: Auto-subscribing net.knifick.praporupdate.network.PraporModVariables$EventBusVariableHandlers to GAME
[16авг.2025 18:18:00.437] [modloading-worker-0/DEBUG] [net.neoforged.fml.javafmlmod.AutomaticEventSubscriber/LOADING]: Auto-subscribing net.knifick.praporupdate.network.PraporModVariables to MOD
[16авг.2025 18:18:00.438] [modloading-worker-0/DEBUG] [net.neoforged.fml.javafmlmod.AutomaticEventSubscriber/LOADING]: Auto-subscribing net.knifick.praporupdate.procedures.BrolemOnDeathProcedure to GAME
[16авг.2025 18:18:00.439] [modloading-worker-0/DEBUG] [net.neoforged.fml.javafmlmod.AutomaticEventSubscriber/LOADING]: Auto-subscribing net.knifick.praporupdate.procedures.BrolemRuinsProcedure to GAME
[16авг.2025 18:18:00.440] [modloading-worker-0/DEBUG] [net.neoforged.fml.javafmlmod.AutomaticEventSubscriber/LOADING]: Auto-subscribing net.knifick.praporupdate.procedures.EntBrolemHitProcedure to GAME
[16авг.2025 18:18:00.442] [modloading-worker-0/DEBUG] [net.neoforged.fml.javafmlmod.AutomaticEventSubscriber/LOADING]: Auto-subscribing net.knifick.praporupdate.procedures.OnJoinProcedure to GAME
[16авг.2025 18:18:00.442] [modloading-worker-0/DEBUG] [net.neoforged.fml.javafmlmod.AutomaticEventSubscriber/LOADING]: Auto-subscribing net.knifick.praporupdate.procedures.PraporPerTickFilterProcedure to GAME
[16авг.2025 18:18:00.443] [modloading-worker-0/DEBUG] [net.neoforged.fml.javafmlmod.AutomaticEventSubscriber/LOADING]: Auto-subscribing net.knifick.praporupdate.procedures.SoulBottleOnBlockProcedure to GAME
[16авг.2025 18:18:00.445] [modloading-worker-0/DEBUG] [net.neoforged.fml.javafmlmod.AutomaticEventSubscriber/LOADING]: Auto-subscribing net.knifick.praporupdate.procedures.WitherDeathTriggerProcedure to GAME
[16авг.2025 18:18:00.624] [modloading-sync-worker/DEBUG] [net.neoforged.fml.config.ConfigTracker/CONFIG]: Loading configs type CLIENT
[16авг.2025 18:18:00.628] [modloading-sync-worker/DEBUG] [net.neoforged.neoforge.common.NeoForgeConfig/FORGEMOD]: Loaded NeoForge config file neoforge-client.toml
[16авг.2025 18:18:00.628] [modloading-sync-worker/DEBUG] [net.neoforged.fml.config.ConfigTracker/CONFIG]: Loaded TOML config file Z:\MCreatorWorkspaces\praporupdate\run\config\neoforge-client.toml
[16авг.2025 18:18:00.635] [modloading-sync-worker/DEBUG] [net.neoforged.fml.config.ConfigTracker/CONFIG]: Watching TOML config file Z:\MCreatorWorkspaces\praporupdate\run\config\neoforge-client.toml for changes
[16авг.2025 18:18:00.635] [modloading-sync-worker/DEBUG] [net.neoforged.fml.config.ConfigTracker/CONFIG]: Loading configs type COMMON
[16авг.2025 18:18:00.636] [modloading-sync-worker/DEBUG] [net.neoforged.neoforge.common.NeoForgeConfig/FORGEMOD]: Loaded NeoForge config file neoforge-common.toml
[16авг.2025 18:18:00.636] [modloading-sync-worker/DEBUG] [net.neoforged.fml.config.ConfigTracker/CONFIG]: Loaded TOML config file Z:\MCreatorWorkspaces\praporupdate\run\config\neoforge-common.toml
[16авг.2025 18:18:00.636] [modloading-sync-worker/DEBUG] [net.neoforged.fml.config.ConfigTracker/CONFIG]: Watching TOML config file Z:\MCreatorWorkspaces\praporupdate\run\config\neoforge-common.toml for changes
[16авг.2025 18:18:00.696] [Render thread/DEBUG] [mixin/]: Mixing client.TextureManagerMixin from geckolib.mixins.json into net.minecraft.client.renderer.texture.TextureManager
[16авг.2025 18:18:00.697] [Render thread/DEBUG] [mixin/]: geckolib.mixins.json:client.TextureManagerMixin from mod geckolib: Class version 65 required is higher than the class version supported by the current version of Mixin (JAVA_17 supports class version 61)
[16авг.2025 18:18:00.881] [Render thread/DEBUG] [mixin/]: Mixing client.LevelRendererMixin from geckolib.mixins.json into net.minecraft.client.renderer.LevelRenderer
[16авг.2025 18:18:00.881] [Render thread/DEBUG] [mixin/]: geckolib.mixins.json:client.LevelRendererMixin from mod geckolib: Class version 65 required is higher than the class version supported by the current version of Mixin (JAVA_17 supports class version 61)
[16авг.2025 18:18:00.882] [Render thread/DEBUG] [mixin/]: Renaming synthetic method lambda$geckolib$captureRenderedEntities$0(I)D to mdaec475$geckolib$lambda$geckolib$captureRenderedEntities$0$0 in geckolib.mixins.json:client.LevelRendererMixin from mod geckolib
[16авг.2025 18:18:00.927] [Render thread/DEBUG] [mixin/]: geckolib.mixins.json:client.LevelRendererMixin from mod geckolib->@Inject::geckolib$captureRenderedEntities(Lnet/minecraft/client/DeltaTracker;ZLnet/minecraft/client/Camera;Lnet/minecraft/client/renderer/GameRenderer;Lnet/minecraft/client/renderer/LightTexture;Lorg/joml/Matrix4f;Lorg/joml/Matrix4f;Lorg/spongepowered/asm/mixin/injection/callback/CallbackInfo;)V doesn't use it's CallbackInfo
[16авг.2025 18:18:00.927] [Render thread/DEBUG] [mixin/]: geckolib.mixins.json:client.LevelRendererMixin from mod geckolib->@Inject::geckolib$captureRenderedEntities(Lnet/minecraft/client/DeltaTracker;ZLnet/minecraft/client/Camera;Lnet/minecraft/client/renderer/GameRenderer;Lnet/minecraft/client/renderer/LightTexture;Lorg/joml/Matrix4f;Lorg/joml/Matrix4f;Lorg/spongepowered/asm/mixin/injection/callback/CallbackInfo;)V has 0 override(s) in child classes
[16авг.2025 18:18:00.927] [Render thread/DEBUG] [mixin/]: geckolib.mixins.json:client.LevelRendererMixin from mod geckolib->@Inject::geckolib$captureRenderedEntities(Lnet/minecraft/client/DeltaTracker;ZLnet/minecraft/client/Camera;Lnet/minecraft/client/renderer/GameRenderer;Lnet/minecraft/client/renderer/LightTexture;Lorg/joml/Matrix4f;Lorg/joml/Matrix4f;Lorg/spongepowered/asm/mixin/injection/callback/CallbackInfo;)V won't be passed a CallbackInfo as a result
[16авг.2025 18:18:01.009] [Render thread/DEBUG] [mixin/]: Mixing client.BlockEntityWithoutLevelRendererMixin from geckolib.mixins.json into net.minecraft.client.renderer.BlockEntityWithoutLevelRenderer
[16авг.2025 18:18:01.010] [Render thread/DEBUG] [mixin/]: geckolib.mixins.json:client.BlockEntityWithoutLevelRendererMixin from mod geckolib: Class version 65 required is higher than the class version supported by the current version of Mixin (JAVA_17 supports class version 61)
[16авг.2025 18:18:01.017] [Render thread/DEBUG] [mixin/]: geckolib.mixins.json:client.BlockEntityWithoutLevelRendererMixin from mod geckolib->@Inject::geckolib$renderGeckolibItem(Lnet/minecraft/world/item/ItemStack;Lnet/minecraft/world/item/ItemDisplayContext;Lcom/mojang/blaze3d/vertex/PoseStack;Lnet/minecraft/client/renderer/MultiBufferSource;IILorg/spongepowered/asm/mixin/injection/callback/CallbackInfo;)V does use it's CallbackInfo
[16авг.2025 18:18:01.272] [Render thread/INFO] [net.neoforged.neoforge.gametest.GameTestHooks/]: Enabled Gametest Namespaces: []
[16авг.2025 18:18:01.379] [Render thread/DEBUG] [mixin/]: Mixing client.HumanoidArmorLayerMixin from geckolib.mixins.json into net.minecraft.client.renderer.entity.layers.HumanoidArmorLayer
[16авг.2025 18:18:01.379] [Render thread/DEBUG] [mixin/]: geckolib.mixins.json:client.HumanoidArmorLayerMixin from mod geckolib: Class version 65 required is higher than the class version supported by the current version of Mixin (JAVA_17 supports class version 61)
[16авг.2025 18:18:01.617] [Render thread/INFO] [net.minecraft.server.packs.resources.ReloadableResourceManager/]: Reloading ResourceManager: vanilla, mod_resources, mod/geckolib, mod/neoforge, mod/prapor
[16авг.2025 18:18:01.686] [Render thread/DEBUG] [net.neoforged.fml.DeferredWorkQueue/LOADING]: Dispatching synchronous work for work queue Common setup: 1 jobs
[16авг.2025 18:18:01.688] [Render thread/DEBUG] [net.neoforged.fml.DeferredWorkQueue/LOADING]: Synchronous work queue completed in 1.039 ms
[16авг.2025 18:18:01.744] [Worker-Main-4/INFO] [net.minecraft.client.gui.font.providers.UnihexProvider/]: Found unifont_all_no_pua-15.1.05.hex, loading
[16авг.2025 18:18:01.865] [Worker-Main-9/INFO] [net.minecraft.client.gui.font.providers.UnihexProvider/]: Found unifont_jp_patch-15.1.05.hex, loading
[16авг.2025 18:18:03.135] [Render thread/WARN] [net.minecraft.client.sounds.SoundEngine/]: Missing sound for event: minecraft:item.goat_horn.play
[16авг.2025 18:18:03.135] [Render thread/WARN] [net.minecraft.client.sounds.SoundEngine/]: Missing sound for event: minecraft:entity.goat.screaming.horn_break
[16авг.2025 18:18:03.188] [Render thread/INFO] [com.mojang.blaze3d.audio.Library/]: OpenAL initialized on device OpenAL Soft on Динамики (2- fifine Headset)
[16авг.2025 18:18:03.190] [Render thread/INFO] [net.minecraft.client.sounds.SoundEngine/SOUNDS]: Sound engine started
[16авг.2025 18:18:03.314] [Render thread/INFO] [net.minecraft.client.renderer.texture.TextureAtlas/]: Created: 1024x512x2 minecraft:textures/atlas/blocks.png-atlas
[16авг.2025 18:18:03.320] [Render thread/INFO] [net.minecraft.client.renderer.texture.TextureAtlas/]: Created: 256x256x2 minecraft:textures/atlas/signs.png-atlas
[16авг.2025 18:18:03.321] [Render thread/INFO] [net.minecraft.client.renderer.texture.TextureAtlas/]: Created: 512x512x2 minecraft:textures/atlas/shield_patterns.png-atlas
[16авг.2025 18:18:03.321] [Render thread/INFO] [net.minecraft.client.renderer.texture.TextureAtlas/]: Created: 512x512x2 minecraft:textures/atlas/banner_patterns.png-atlas
[16авг.2025 18:18:03.322] [Render thread/INFO] [net.minecraft.client.renderer.texture.TextureAtlas/]: Created: 1024x1024x2 minecraft:textures/atlas/armor_trims.png-atlas
[16авг.2025 18:18:03.325] [Render thread/INFO] [net.minecraft.client.renderer.texture.TextureAtlas/]: Created: 128x64x2 minecraft:textures/atlas/decorated_pot.png-atlas
[16авг.2025 18:18:03.325] [Render thread/INFO] [net.minecraft.client.renderer.texture.TextureAtlas/]: Created: 256x256x2 minecraft:textures/atlas/chest.png-atlas
[16авг.2025 18:18:03.326] [Render thread/INFO] [net.minecraft.client.renderer.texture.TextureAtlas/]: Created: 512x256x2 minecraft:textures/atlas/beds.png-atlas
[16авг.2025 18:18:03.326] [Render thread/INFO] [net.minecraft.client.renderer.texture.TextureAtlas/]: Created: 512x256x2 minecraft:textures/atlas/shulker_boxes.png-atlas
[16авг.2025 18:18:03.407] [Render thread/INFO] [net.minecraft.client.renderer.texture.TextureAtlas/]: Created: 512x256x0 minecraft:textures/atlas/particles.png-atlas
[16авг.2025 18:18:03.408] [Render thread/INFO] [net.minecraft.client.renderer.texture.TextureAtlas/]: Created: 512x512x0 minecraft:textures/atlas/paintings.png-atlas
[16авг.2025 18:18:03.408] [Render thread/INFO] [net.minecraft.client.renderer.texture.TextureAtlas/]: Created: 256x128x0 minecraft:textures/atlas/mob_effects.png-atlas
[16авг.2025 18:18:03.409] [Render thread/INFO] [net.minecraft.client.renderer.texture.TextureAtlas/]: Created: 64x64x0 minecraft:textures/atlas/map_decorations.png-atlas
[16авг.2025 18:18:03.409] [Render thread/INFO] [net.minecraft.client.renderer.texture.TextureAtlas/]: Created: 1024x512x0 minecraft:textures/atlas/gui.png-atlas
[16авг.2025 18:18:03.436] [Render thread/WARN] [net.minecraft.client.renderer.ShaderInstance/]: Shader rendertype_entity_translucent_emissive could not find sampler named Sampler2 in the specified shader program.
[16авг.2025 18:18:03.490] [Render thread/INFO] [net.neoforged.neoforge.client.entity.animation.json.AnimationLoader/]: Loaded 0 entity animations
[16авг.2025 18:18:07.108] [Render thread/INFO] [net.minecraft.world.item.crafting.RecipeManager/]: Loaded 1300 recipes
[16авг.2025 18:18:07.277] [Render thread/INFO] [net.minecraft.advancements.AdvancementTree/]: Loaded 1411 advancements
[16авг.2025 18:18:07.633] [Render thread/DEBUG] [net.neoforged.neoforge.common.CommonHooks/WP]: Gathered mod list to write to world save Новый мир
[16авг.2025 18:18:07.687] [Server thread/INFO] [net.minecraft.client.server.IntegratedServer/]: Starting integrated minecraft server version 1.21.1
[16авг.2025 18:18:07.688] [Server thread/INFO] [net.minecraft.server.MinecraftServer/]: Generating keypair
[16авг.2025 18:18:07.804] [Server thread/DEBUG] [net.neoforged.fml.config.ConfigTracker/CONFIG]: Loading configs type SERVER
[16авг.2025 18:18:07.806] [Server thread/DEBUG] [net.neoforged.neoforge.common.NeoForgeConfig/FORGEMOD]: Loaded NeoForge config file neoforge-server.toml
[16авг.2025 18:18:07.806] [Server thread/DEBUG] [net.neoforged.fml.config.ConfigTracker/CONFIG]: Loaded TOML config file Z:\MCreatorWorkspaces\praporupdate\run\config\neoforge-server.toml
[16авг.2025 18:18:07.807] [Server thread/DEBUG] [net.neoforged.fml.config.ConfigTracker/CONFIG]: Watching TOML config file Z:\MCreatorWorkspaces\praporupdate\run\config\neoforge-server.toml for changes
[16авг.2025 18:18:08.712] [Server thread/INFO] [net.minecraft.server.MinecraftServer/]: Preparing start region for dimension minecraft:overworld
[16авг.2025 18:18:09.052] [progressListener/INFO] [net.minecraft.server.level.progress.LoggerChunkProgressListener/]: Подготовка области возрождения: 0%
[16авг.2025 18:18:09.155] [Server thread/INFO] [net.neoforged.neoforge.server.permission.PermissionAPI/]: Successfully initialized permission handler neoforge:default_handler
[16авг.2025 18:18:09.169] [progressListener/INFO] [net.minecraft.server.level.progress.LoggerChunkProgressListener/]: Time elapsed: 445 ms
[16авг.2025 18:18:09.230] [Server thread/INFO] [net.minecraft.client.server.IntegratedServer/]: Changing view distance to 21, from 10
[16авг.2025 18:18:09.230] [Server thread/INFO] [net.minecraft.client.server.IntegratedServer/]: Changing simulation distance to 12, from 0
[16авг.2025 18:18:09.250] [Render thread/DEBUG] [io.netty.channel.MultithreadEventLoopGroup/]: -Dio.netty.eventLoopThreads: 24
[16авг.2025 18:18:09.261] [Render thread/DEBUG] [io.netty.util.concurrent.GlobalEventExecutor/]: -Dio.netty.globalEventExecutor.quietPeriodSeconds: 1
[16авг.2025 18:18:09.270] [Render thread/DEBUG] [io.netty.channel.nio.NioEventLoop/]: -Dio.netty.noKeySetOptimization: false
[16авг.2025 18:18:09.271] [Render thread/DEBUG] [io.netty.channel.nio.NioEventLoop/]: -Dio.netty.selectorAutoRebuildThreshold: 512
[16авг.2025 18:18:09.277] [Render thread/DEBUG] [io.netty.util.internal.PlatformDependent/]: org.jctools-core.MpscChunkedArrayQueue: available
[16авг.2025 18:18:09.311] [Render thread/DEBUG] [io.netty.channel.DefaultChannelId/]: -Dio.netty.processId: 8588 (auto-detected)
[16авг.2025 18:18:09.313] [Render thread/DEBUG] [io.netty.util.NetUtil/]: -Djava.net.preferIPv4Stack: false
[16авг.2025 18:18:09.313] [Render thread/DEBUG] [io.netty.util.NetUtil/]: -Djava.net.preferIPv6Addresses: system
[16авг.2025 18:18:09.315] [Render thread/DEBUG] [io.netty.util.NetUtilInitializations/]: Loopback interface: loopback_0 (Software Loopback Interface 1, 0:0:0:0:0:0:0:1)
[16авг.2025 18:18:09.316] [Render thread/DEBUG] [io.netty.util.NetUtil/]: Failed to get SOMAXCONN from sysctl and file \proc\sys\net\core\somaxconn. Default: 200
[16авг.2025 18:18:09.317] [Render thread/DEBUG] [io.netty.channel.DefaultChannelId/]: -Dio.netty.machineId: 00:00:00:00:00:00:00:e0 (auto-detected)
[16авг.2025 18:18:09.377] [Render thread/DEBUG] [io.netty.util.Recycler/]: -Dio.netty.recycler.maxCapacityPerThread: 4096
[16авг.2025 18:18:09.378] [Render thread/DEBUG] [io.netty.util.Recycler/]: -Dio.netty.recycler.ratio: 8
[16авг.2025 18:18:09.378] [Render thread/DEBUG] [io.netty.util.Recycler/]: -Dio.netty.recycler.chunkSize: 32
[16авг.2025 18:18:09.378] [Render thread/DEBUG] [io.netty.util.Recycler/]: -Dio.netty.recycler.blocking: false
[16авг.2025 18:18:09.378] [Render thread/DEBUG] [io.netty.util.Recycler/]: -Dio.netty.recycler.batchFastThreadLocalOnly: true
[16авг.2025 18:18:09.483] [Netty Server IO #1/DEBUG] [net.neoforged.neoforge.network.filters.NetworkFilters/]: Injected net.neoforged.neoforge.network.filters.GenericPacketSplitter@42531a0e into net.minecraft.network.Connection@41671b41
[16авг.2025 18:18:09.488] [Netty Local Client IO #0/DEBUG] [net.neoforged.neoforge.network.filters.NetworkFilters/]: Injected net.neoforged.neoforge.network.filters.GenericPacketSplitter@51b253d7 into net.minecraft.network.Connection@7a0233c6
[16авг.2025 18:18:09.802] [Netty Server IO #1/DEBUG] [net.neoforged.neoforge.network.filters.NetworkFilters/]: Injected net.neoforged.neoforge.network.filters.GenericPacketSplitter@1000ca3f into net.minecraft.network.Connection@41671b41
[16авг.2025 18:18:09.869] [Server thread/INFO] [net.minecraft.server.players.PlayerList/]: Dev[local:E:4c0c36d8] logged in with entity id 7 at (72.09176898346819, 40.0, 28.17218558120248)
[16авг.2025 18:18:09.912] [Server thread/INFO] [net.minecraft.server.MinecraftServer/]: Dev присоединился к игре
[16авг.2025 18:18:10.079] [Render thread/INFO] [net.minecraft.advancements.AdvancementTree/]: Loaded 168 advancements
[16авг.2025 18:18:18.679] [Render thread/INFO] [net.minecraft.client.gui.components.ChatComponent/]: [System] [CHAT] [Отладка]: Расширенные подсказки: выкл.
[16авг.2025 18:18:22.067] [Render thread/INFO] [net.minecraft.client.gui.components.ChatComponent/]: [System] [CHAT] [Отладка]: Расширенные подсказки: вкл.
[16авг.2025 18:18:58.757] [Server thread/INFO] [net.minecraft.client.server.IntegratedServer/]: Saving and pausing game...
[16авг.2025 18:18:58.802] [Server thread/INFO] [net.minecraft.server.MinecraftServer/]: Saving chunks for level 'ServerLevel[Новый мир]'/minecraft:overworld
[16авг.2025 18:18:58.868] [Server thread/INFO] [net.minecraft.server.MinecraftServer/]: Saving chunks for level 'ServerLevel[Новый мир]'/minecraft:the_nether
[16авг.2025 18:18:59.064] [Server thread/INFO] [net.minecraft.server.MinecraftServer/]: Saving chunks for level 'ServerLevel[Новый мир]'/minecraft:the_end
[16авг.2025 18:18:59.140] [Server thread/DEBUG] [net.neoforged.neoforge.common.CommonHooks/WP]: Gathered mod list to write to world save Новый мир
[16авг.2025 18:21:04.773] [Render thread/INFO] [net.minecraft.client.gui.components.ChatComponent/]: [System] [CHAT] [Отладка]: Расширенные подсказки: выкл.
[16авг.2025 18:21:07.135] [Render thread/INFO] [net.minecraft.client.gui.components.ChatComponent/]: [System] [CHAT] [Отладка]: Расширенные подсказки: вкл.
[16авг.2025 18:23:14.681] [Server thread/DEBUG] [net.neoforged.neoforge.common.CommonHooks/WP]: Gathered mod list to write to world save Новый мир
[16авг.2025 18:24:38.594] [Render thread/INFO] [net.minecraft.client.gui.components.ChatComponent/]: [System] [CHAT] [Отладка]: Расширенные подсказки: выкл.
[16авг.2025 18:24:40.386] [Render thread/INFO] [net.minecraft.client.gui.components.ChatComponent/]: [System] [CHAT] [Отладка]: Расширенные подсказки: вкл.
[16авг.2025 18:28:00.746] [Server thread/INFO] [net.minecraft.server.MinecraftServer/]: Dev убит
[16авг.2025 18:28:00.755] [Server thread/INFO] [net.minecraft.server.MinecraftServer/]: [Dev: Dev убит]
[16авг.2025 18:28:00.758] [Render thread/INFO] [net.minecraft.client.gui.components.ChatComponent/]: [System] [CHAT] Dev убит
[16авг.2025 18:28:00.761] [Render thread/INFO] [net.minecraft.client.gui.components.ChatComponent/]: [System] [CHAT] Dev убит
[16авг.2025 18:28:02.365] [Server thread/WARN] [net.minecraft.server.level.ServerEntity/]: Fetching packet for removed entity ItemEntity['Воздух'/1255, l='ServerLevel[Новый мир]', x=-43.50, y=76.50, z=6.15, removed=DISCARDED]
[16авг.2025 18:28:10.577] [Server thread/INFO] [net.minecraft.server.MinecraftServer/]: [Dev: Dev телепортирован в точку -511.500000, 101.000000, -2319.500000]
[16авг.2025 18:28:10.580] [Render thread/INFO] [net.minecraft.client.gui.components.ChatComponent/]: [System] [CHAT] Dev телепортирован в точку -511.500000, 101.000000, -2319.500000
[16авг.2025 18:28:11.487] [Render thread/DEBUG] [GeckoLib/]: Loaded software.bernie.geckolib.event.GeckoLibEventsNeoForge@4250e4f7 for service interface software.bernie.geckolib.service.GeckoLibEvents
[16авг.2025 18:28:11.489] [Render thread/DEBUG] [GeckoLib/]: Loaded software.bernie.geckolib.platform.GeckoLibClientNeoForge@722b2b27 for service interface software.bernie.geckolib.service.GeckoLibClient
[16авг.2025 18:28:15.632] [Server thread/DEBUG] [net.neoforged.neoforge.common.CommonHooks/WP]: Gathered mod list to write to world save Новый мир
[16авг.2025 18:28:16.263] [Server thread/INFO] [net.minecraft.server.MinecraftServer/]: [Dev: Ваш режим игры изменён на Режим выживания]
[16авг.2025 18:28:16.266] [Render thread/INFO] [net.minecraft.client.gui.components.ChatComponent/]: [System] [CHAT] Ваш режим игры изменён на Режим выживания
[16авг.2025 18:28:24.545] [Server thread/INFO] [net.minecraft.server.MinecraftServer/]: [Dev: Ваш режим игры изменён на Творческий режим]
[16авг.2025 18:28:24.549] [Render thread/INFO] [net.minecraft.client.gui.components.ChatComponent/]: [System] [CHAT] Ваш режим игры изменён на Творческий режим
[16авг.2025 18:30:18.769] [Server thread/INFO] [net.minecraft.server.MinecraftServer/]: Dev получил достижение «[Понравился мой крепкий дружочек?]»
[16авг.2025 18:30:18.780] [Render thread/INFO] [net.minecraft.client.gui.components.ChatComponent/]: [System] [CHAT] Dev получил достижение «[Понравился мой крепкий дружочек?]»
[16авг.2025 18:30:18.829] [Render thread/INFO] [net.minecraft.advancements.AdvancementTree/]: Loaded 168 advancements
[16авг.2025 18:30:49.440] [Render thread/WARN] [net.minecraft.client.renderer.texture.TextureManager/]: Failed to load texture: prapor:textures/entities/sucker_idle.png
java.io.FileNotFoundException: prapor:textures/entities/sucker_idle.png
	at TRANSFORMER/minecraft@1.21.1/net.minecraft.server.packs.resources.ResourceProvider.lambda$getResourceOrThrow$1(ResourceProvider.java:18) ~[neoforge-21.1.65-minecraft-merged.jar%23183!/:?]
	at java.base/java.util.Optional.orElseThrow(Optional.java:403) ~[?:?]
	at TRANSFORMER/minecraft@1.21.1/net.minecraft.server.packs.resources.ResourceProvider.getResourceOrThrow(ResourceProvider.java:18) ~[neoforge-21.1.65-minecraft-merged.jar%23183!/:?]
	at TRANSFORMER/geckolib@4.7/software.bernie.geckolib.cache.texture.AnimatableTexture.load(AnimatableTexture.java:40) ~[geckolib-neoforge-1.21.1-4.7.jar%23187!/:4.7]
	at TRANSFORMER/minecraft@1.21.1/net.minecraft.client.renderer.texture.TextureManager.loadTexture(TextureManager.java:92) ~[neoforge-21.1.65-minecraft-merged.jar%23183!/:?]
	at TRANSFORMER/minecraft@1.21.1/net.minecraft.client.renderer.texture.TextureManager.register(TextureManager.java:63) ~[neoforge-21.1.65-minecraft-merged.jar%23183!/:?]
	at TRANSFORMER/minecraft@1.21.1/net.minecraft.client.renderer.texture.TextureManager.wrapOperation$zzd000$geckolib$replaceAnimatableTexture(TextureManager.java:531) ~[neoforge-21.1.65-minecraft-merged.jar%23183!/:?]
	at TRANSFORMER/minecraft@1.21.1/net.minecraft.client.renderer.texture.TextureManager.getTexture(TextureManager.java:112) ~[neoforge-21.1.65-minecraft-merged.jar%23183!/:?]
	at TRANSFORMER/geckolib@4.7/software.bernie.geckolib.cache.texture.AnimatableTexture.setAndUpdate(AnimatableTexture.java:90) ~[geckolib-neoforge-1.21.1-4.7.jar%23187!/:4.7]
	at TRANSFORMER/geckolib@4.7/software.bernie.geckolib.cache.texture.AnimatableTexture.setAndUpdate(AnimatableTexture.java:81) ~[geckolib-neoforge-1.21.1-4.7.jar%23187!/:4.7]
	at TRANSFORMER/geckolib@4.7/software.bernie.geckolib.renderer.GeoEntityRenderer.updateAnimatedTextureFrame(GeoEntityRenderer.java:561) ~[geckolib-neoforge-1.21.1-4.7.jar%23187!/:4.7]
	at TRANSFORMER/geckolib@4.7/software.bernie.geckolib.renderer.GeoEntityRenderer.updateAnimatedTextureFrame(GeoEntityRenderer.java:52) ~[geckolib-neoforge-1.21.1-4.7.jar%23187!/:4.7]
	at TRANSFORMER/geckolib@4.7/software.bernie.geckolib.renderer.GeoRenderer.actuallyRender(GeoRenderer.java:188) ~[geckolib-neoforge-1.21.1-4.7.jar%23187!/:4.7]
	at TRANSFORMER/geckolib@4.7/software.bernie.geckolib.renderer.GeoEntityRenderer.actuallyRender(GeoEntityRenderer.java:278) ~[geckolib-neoforge-1.21.1-4.7.jar%23187!/:4.7]
	at TRANSFORMER/geckolib@4.7/software.bernie.geckolib.renderer.GeoEntityRenderer.actuallyRender(GeoEntityRenderer.java:52) ~[geckolib-neoforge-1.21.1-4.7.jar%23187!/:4.7]
	at TRANSFORMER/geckolib@4.7/software.bernie.geckolib.renderer.GeoRenderer.defaultRender(GeoRenderer.java:144) ~[geckolib-neoforge-1.21.1-4.7.jar%23187!/:4.7]
	at TRANSFORMER/geckolib@4.7/software.bernie.geckolib.renderer.GeoEntityRenderer.render(GeoEntityRenderer.java:194) ~[geckolib-neoforge-1.21.1-4.7.jar%23187!/:4.7]
	at TRANSFORMER/minecraft@1.21.1/net.minecraft.client.renderer.entity.EntityRenderDispatcher.render(EntityRenderDispatcher.java:159) ~[neoforge-21.1.65-minecraft-merged.jar%23183!/:?]
	at TRANSFORMER/minecraft@1.21.1/net.minecraft.client.renderer.LevelRenderer.renderEntity(LevelRenderer.java:1256) ~[neoforge-21.1.65-minecraft-merged.jar%23183!/:?]
	at TRANSFORMER/minecraft@1.21.1/net.minecraft.client.renderer.LevelRenderer.renderLevel(LevelRenderer.java:1034) ~[neoforge-21.1.65-minecraft-merged.jar%23183!/:?]
	at TRANSFORMER/minecraft@1.21.1/net.minecraft.client.renderer.GameRenderer.renderLevel(GameRenderer.java:1271) ~[neoforge-21.1.65-minecraft-merged.jar%23183!/:?]
	at TRANSFORMER/minecraft@1.21.1/net.minecraft.client.renderer.GameRenderer.render(GameRenderer.java:1024) ~[neoforge-21.1.65-minecraft-merged.jar%23183!/:?]
	at TRANSFORMER/minecraft@1.21.1/net.minecraft.client.Minecraft.runTick(Minecraft.java:1195) ~[neoforge-21.1.65-minecraft-merged.jar%23183!/:?]
	at TRANSFORMER/minecraft@1.21.1/net.minecraft.client.Minecraft.run(Minecraft.java:807) ~[neoforge-21.1.65-minecraft-merged.jar%23183!/:?]
	at TRANSFORMER/minecraft@1.21.1/net.minecraft.client.main.Main.main(Main.java:230) ~[neoforge-21.1.65-minecraft-merged.jar%23183!/:?]
	at java.base/jdk.internal.reflect.DirectMethodHandleAccessor.invoke(DirectMethodHandleAccessor.java:103) ~[?:?]
	at java.base/java.lang.reflect.Method.invoke(Method.java:580) ~[?:?]
	at MC-BOOTSTRAP/fml_loader@4.0.24/net.neoforged.fml.loading.targets.CommonLaunchHandler.runTarget(CommonLaunchHandler.java:136) ~[loader-4.0.24.jar%23139!/:4.0]
	at MC-BOOTSTRAP/fml_loader@4.0.24/net.neoforged.fml.loading.targets.CommonLaunchHandler.clientService(CommonLaunchHandler.java:124) ~[loader-4.0.24.jar%23139!/:4.0]
	at MC-BOOTSTRAP/fml_loader@4.0.24/net.neoforged.fml.loading.targets.NeoForgeClientUserdevLaunchHandler.runService(NeoForgeClientUserdevLaunchHandler.java:23) ~[loader-4.0.24.jar%23139!/:4.0]
	at MC-BOOTSTRAP/fml_loader@4.0.24/net.neoforged.fml.loading.targets.CommonLaunchHandler.lambda$launchService$4(CommonLaunchHandler.java:118) ~[loader-4.0.24.jar%23139!/:4.0]
	at MC-BOOTSTRAP/cpw.mods.modlauncher@11.0.4/cpw.mods.modlauncher.LaunchServiceHandlerDecorator.launch(LaunchServiceHandlerDecorator.java:30) [modlauncher-11.0.4.jar%23121!/:?]
	at MC-BOOTSTRAP/cpw.mods.modlauncher@11.0.4/cpw.mods.modlauncher.LaunchServiceHandler.launch(LaunchServiceHandler.java:53) [modlauncher-11.0.4.jar%23121!/:?]
	at MC-BOOTSTRAP/cpw.mods.modlauncher@11.0.4/cpw.mods.modlauncher.LaunchServiceHandler.launch(LaunchServiceHandler.java:71) [modlauncher-11.0.4.jar%23121!/:?]
	at MC-BOOTSTRAP/cpw.mods.modlauncher@11.0.4/cpw.mods.modlauncher.Launcher.run(Launcher.java:103) [modlauncher-11.0.4.jar%23121!/:?]
	at MC-BOOTSTRAP/cpw.mods.modlauncher@11.0.4/cpw.mods.modlauncher.Launcher.main(Launcher.java:74) [modlauncher-11.0.4.jar%23121!/:?]
	at MC-BOOTSTRAP/cpw.mods.modlauncher@11.0.4/cpw.mods.modlauncher.BootstrapLaunchConsumer.accept(BootstrapLaunchConsumer.java:26) [modlauncher-11.0.4.jar%23121!/:?]
	at MC-BOOTSTRAP/cpw.mods.modlauncher@11.0.4/cpw.mods.modlauncher.BootstrapLaunchConsumer.accept(BootstrapLaunchConsumer.java:23) [modlauncher-11.0.4.jar%23121!/:?]
	at cpw.mods.bootstraplauncher@2.0.2/cpw.mods.bootstraplauncher.BootstrapLauncher.run(BootstrapLauncher.java:210) [bootstraplauncher-2.0.2.jar:?]
	at cpw.mods.bootstraplauncher@2.0.2/cpw.mods.bootstraplauncher.BootstrapLauncher.main(BootstrapLauncher.java:69) [bootstraplauncher-2.0.2.jar:?]
	at java.base/jdk.internal.reflect.DirectMethodHandleAccessor.invoke(DirectMethodHandleAccessor.java:103) ~[?:?]
	at java.base/java.lang.reflect.Method.invoke(Method.java:580) ~[?:?]
	at DevLaunch@1.0.1/net.neoforged.devlaunch.Main.main(Main.java:55) [DevLaunch-1.0.1.jar:?]
[16авг.2025 18:30:49.442] [Render thread/WARN] [net.minecraft.client.renderer.texture.TextureManager/]: Failed to load texture: prapor:textures/entities/sucker_idle.png
java.io.FileNotFoundException: prapor:textures/entities/sucker_idle.png
	at TRANSFORMER/minecraft@1.21.1/net.minecraft.server.packs.resources.ResourceProvider.lambda$getResourceOrThrow$1(ResourceProvider.java:18) ~[neoforge-21.1.65-minecraft-merged.jar%23183!/:?]
	at java.base/java.util.Optional.orElseThrow(Optional.java:403) ~[?:?]
	at TRANSFORMER/minecraft@1.21.1/net.minecraft.server.packs.resources.ResourceProvider.getResourceOrThrow(ResourceProvider.java:18) ~[neoforge-21.1.65-minecraft-merged.jar%23183!/:?]
	at TRANSFORMER/minecraft@1.21.1/net.minecraft.client.renderer.texture.SimpleTexture$TextureImage.load(SimpleTexture.java:83) ~[neoforge-21.1.65-minecraft-merged.jar%23183!/:?]
	at TRANSFORMER/minecraft@1.21.1/net.minecraft.client.renderer.texture.SimpleTexture.getTextureImage(SimpleTexture.java:57) ~[neoforge-21.1.65-minecraft-merged.jar%23183!/:?]
	at TRANSFORMER/minecraft@1.21.1/net.minecraft.client.renderer.texture.SimpleTexture.load(SimpleTexture.java:30) ~[neoforge-21.1.65-minecraft-merged.jar%23183!/:?]
	at TRANSFORMER/minecraft@1.21.1/net.minecraft.client.renderer.texture.TextureManager.loadTexture(TextureManager.java:92) ~[neoforge-21.1.65-minecraft-merged.jar%23183!/:?]
	at TRANSFORMER/minecraft@1.21.1/net.minecraft.client.renderer.texture.TextureManager.register(TextureManager.java:63) ~[neoforge-21.1.65-minecraft-merged.jar%23183!/:?]
	at TRANSFORMER/minecraft@1.21.1/net.minecraft.client.renderer.texture.TextureManager.getTexture(TextureManager.java:113) ~[neoforge-21.1.65-minecraft-merged.jar%23183!/:?]
	at TRANSFORMER/geckolib@4.7/software.bernie.geckolib.cache.texture.AnimatableTexture.setAndUpdate(AnimatableTexture.java:90) ~[geckolib-neoforge-1.21.1-4.7.jar%23187!/:4.7]
	at TRANSFORMER/geckolib@4.7/software.bernie.geckolib.cache.texture.AnimatableTexture.setAndUpdate(AnimatableTexture.java:81) ~[geckolib-neoforge-1.21.1-4.7.jar%23187!/:4.7]
	at TRANSFORMER/geckolib@4.7/software.bernie.geckolib.renderer.GeoEntityRenderer.updateAnimatedTextureFrame(GeoEntityRenderer.java:561) ~[geckolib-neoforge-1.21.1-4.7.jar%23187!/:4.7]
	at TRANSFORMER/geckolib@4.7/software.bernie.geckolib.renderer.GeoEntityRenderer.updateAnimatedTextureFrame(GeoEntityRenderer.java:52) ~[geckolib-neoforge-1.21.1-4.7.jar%23187!/:4.7]
	at TRANSFORMER/geckolib@4.7/software.bernie.geckolib.renderer.GeoRenderer.actuallyRender(GeoRenderer.java:188) ~[geckolib-neoforge-1.21.1-4.7.jar%23187!/:4.7]
	at TRANSFORMER/geckolib@4.7/software.bernie.geckolib.renderer.GeoEntityRenderer.actuallyRender(GeoEntityRenderer.java:278) ~[geckolib-neoforge-1.21.1-4.7.jar%23187!/:4.7]
	at TRANSFORMER/geckolib@4.7/software.bernie.geckolib.renderer.GeoEntityRenderer.actuallyRender(GeoEntityRenderer.java:52) ~[geckolib-neoforge-1.21.1-4.7.jar%23187!/:4.7]
	at TRANSFORMER/geckolib@4.7/software.bernie.geckolib.renderer.GeoRenderer.defaultRender(GeoRenderer.java:144) ~[geckolib-neoforge-1.21.1-4.7.jar%23187!/:4.7]
	at TRANSFORMER/geckolib@4.7/software.bernie.geckolib.renderer.GeoEntityRenderer.render(GeoEntityRenderer.java:194) ~[geckolib-neoforge-1.21.1-4.7.jar%23187!/:4.7]
	at TRANSFORMER/minecraft@1.21.1/net.minecraft.client.renderer.entity.EntityRenderDispatcher.render(EntityRenderDispatcher.java:159) ~[neoforge-21.1.65-minecraft-merged.jar%23183!/:?]
	at TRANSFORMER/minecraft@1.21.1/net.minecraft.client.renderer.LevelRenderer.renderEntity(LevelRenderer.java:1256) ~[neoforge-21.1.65-minecraft-merged.jar%23183!/:?]
	at TRANSFORMER/minecraft@1.21.1/net.minecraft.client.renderer.LevelRenderer.renderLevel(LevelRenderer.java:1034) ~[neoforge-21.1.65-minecraft-merged.jar%23183!/:?]
	at TRANSFORMER/minecraft@1.21.1/net.minecraft.client.renderer.GameRenderer.renderLevel(GameRenderer.java:1271) ~[neoforge-21.1.65-minecraft-merged.jar%23183!/:?]
	at TRANSFORMER/minecraft@1.21.1/net.minecraft.client.renderer.GameRenderer.render(GameRenderer.java:1024) ~[neoforge-21.1.65-minecraft-merged.jar%23183!/:?]
	at TRANSFORMER/minecraft@1.21.1/net.minecraft.client.Minecraft.runTick(Minecraft.java:1195) ~[neoforge-21.1.65-minecraft-merged.jar%23183!/:?]
	at TRANSFORMER/minecraft@1.21.1/net.minecraft.client.Minecraft.run(Minecraft.java:807) ~[neoforge-21.1.65-minecraft-merged.jar%23183!/:?]
	at TRANSFORMER/minecraft@1.21.1/net.minecraft.client.main.Main.main(Main.java:230) ~[neoforge-21.1.65-minecraft-merged.jar%23183!/:?]
	at java.base/jdk.internal.reflect.DirectMethodHandleAccessor.invoke(DirectMethodHandleAccessor.java:103) ~[?:?]
	at java.base/java.lang.reflect.Method.invoke(Method.java:580) ~[?:?]
	at MC-BOOTSTRAP/fml_loader@4.0.24/net.neoforged.fml.loading.targets.CommonLaunchHandler.runTarget(CommonLaunchHandler.java:136) ~[loader-4.0.24.jar%23139!/:4.0]
	at MC-BOOTSTRAP/fml_loader@4.0.24/net.neoforged.fml.loading.targets.CommonLaunchHandler.clientService(CommonLaunchHandler.java:124) ~[loader-4.0.24.jar%23139!/:4.0]
	at MC-BOOTSTRAP/fml_loader@4.0.24/net.neoforged.fml.loading.targets.NeoForgeClientUserdevLaunchHandler.runService(NeoForgeClientUserdevLaunchHandler.java:23) ~[loader-4.0.24.jar%23139!/:4.0]
	at MC-BOOTSTRAP/fml_loader@4.0.24/net.neoforged.fml.loading.targets.CommonLaunchHandler.lambda$launchService$4(CommonLaunchHandler.java:118) ~[loader-4.0.24.jar%23139!/:4.0]
	at MC-BOOTSTRAP/cpw.mods.modlauncher@11.0.4/cpw.mods.modlauncher.LaunchServiceHandlerDecorator.launch(LaunchServiceHandlerDecorator.java:30) [modlauncher-11.0.4.jar%23121!/:?]
	at MC-BOOTSTRAP/cpw.mods.modlauncher@11.0.4/cpw.mods.modlauncher.LaunchServiceHandler.launch(LaunchServiceHandler.java:53) [modlauncher-11.0.4.jar%23121!/:?]
	at MC-BOOTSTRAP/cpw.mods.modlauncher@11.0.4/cpw.mods.modlauncher.LaunchServiceHandler.launch(LaunchServiceHandler.java:71) [modlauncher-11.0.4.jar%23121!/:?]
	at MC-BOOTSTRAP/cpw.mods.modlauncher@11.0.4/cpw.mods.modlauncher.Launcher.run(Launcher.java:103) [modlauncher-11.0.4.jar%23121!/:?]
	at MC-BOOTSTRAP/cpw.mods.modlauncher@11.0.4/cpw.mods.modlauncher.Launcher.main(Launcher.java:74) [modlauncher-11.0.4.jar%23121!/:?]
	at MC-BOOTSTRAP/cpw.mods.modlauncher@11.0.4/cpw.mods.modlauncher.BootstrapLaunchConsumer.accept(BootstrapLaunchConsumer.java:26) [modlauncher-11.0.4.jar%23121!/:?]
	at MC-BOOTSTRAP/cpw.mods.modlauncher@11.0.4/cpw.mods.modlauncher.BootstrapLaunchConsumer.accept(BootstrapLaunchConsumer.java:23) [modlauncher-11.0.4.jar%23121!/:?]
	at cpw.mods.bootstraplauncher@2.0.2/cpw.mods.bootstraplauncher.BootstrapLauncher.run(BootstrapLauncher.java:210) [bootstraplauncher-2.0.2.jar:?]
	at cpw.mods.bootstraplauncher@2.0.2/cpw.mods.bootstraplauncher.BootstrapLauncher.main(BootstrapLauncher.java:69) [bootstraplauncher-2.0.2.jar:?]
	at java.base/jdk.internal.reflect.DirectMethodHandleAccessor.invoke(DirectMethodHandleAccessor.java:103) ~[?:?]
	at java.base/java.lang.reflect.Method.invoke(Method.java:580) ~[?:?]
	at DevLaunch@1.0.1/net.neoforged.devlaunch.Main.main(Main.java:55) [DevLaunch-1.0.1.jar:?]
[16авг.2025 18:32:02.807] [Server thread/INFO] [net.minecraft.client.server.IntegratedServer/]: Saving and pausing game...
[16авг.2025 18:32:02.841] [Server thread/INFO] [net.minecraft.server.MinecraftServer/]: Saving chunks for level 'ServerLevel[Новый мир]'/minecraft:overworld
[16авг.2025 18:32:03.002] [Server thread/DEBUG] [oshi.util.FileUtil/]: No oshi.architecture.properties file found from ClassLoader cpw.mods.modlauncher.TransformingClassLoader@718dbd79
[16авг.2025 18:32:03.045] [Server thread/ERROR] [net.minecraft.world.level.chunk.storage.EntityStorage/]: An Entity type entity.prapor.sucker has thrown an exception trying to write state. It will not persist. Report this to the mod author
net.minecraft.ReportedException: Saving entity NBT
	at TRANSFORMER/minecraft@1.21.1/net.minecraft.world.entity.Entity.saveWithoutId(Entity.java:1744) ~[neoforge-21.1.65-minecraft-merged.jar%23183!/:?]
	at TRANSFORMER/minecraft@1.21.1/net.minecraft.world.entity.Entity.saveAsPassenger(Entity.java:1651) ~[neoforge-21.1.65-minecraft-merged.jar%23183!/:?]
	at TRANSFORMER/minecraft@1.21.1/net.minecraft.world.entity.Entity.save(Entity.java:1658) ~[neoforge-21.1.65-minecraft-merged.jar%23183!/:?]
	at TRANSFORMER/minecraft@1.21.1/net.minecraft.world.level.chunk.storage.EntityStorage.lambda$storeEntities$1(EntityStorage.java:98) ~[neoforge-21.1.65-minecraft-merged.jar%23183!/:?]
	at java.base/java.util.ArrayList$ArrayListSpliterator.forEachRemaining(ArrayList.java:1708) ~[?:?]
	at java.base/java.util.stream.ReferencePipeline$Head.forEach(ReferencePipeline.java:762) ~[?:?]
	at TRANSFORMER/minecraft@1.21.1/net.minecraft.world.level.chunk.storage.EntityStorage.storeEntities(EntityStorage.java:95) ~[neoforge-21.1.65-minecraft-merged.jar%23183!/:?]
	at TRANSFORMER/minecraft@1.21.1/net.minecraft.world.level.entity.PersistentEntitySectionManager.storeChunkSections(PersistentEntitySectionManager.java:208) ~[neoforge-21.1.65-minecraft-merged.jar%23183!/:?]
	at TRANSFORMER/minecraft@1.21.1/net.minecraft.world.level.entity.PersistentEntitySectionManager.lambda$autoSave$13(PersistentEntitySectionManager.java:277) ~[neoforge-21.1.65-minecraft-merged.jar%23183!/:?]
	at MC-BOOTSTRAP/it.unimi.dsi.fastutil@8.5.12/it.unimi.dsi.fastutil.longs.LongOpenHashSet.forEach(LongOpenHashSet.java:762) ~[fastutil-8.5.12.jar%23130!/:?]
	at MC-BOOTSTRAP/it.unimi.dsi.fastutil@8.5.12/it.unimi.dsi.fastutil.longs.LongIterable.forEach(LongIterable.java:146) ~[fastutil-8.5.12.jar%23130!/:?]
	at MC-BOOTSTRAP/it.unimi.dsi.fastutil@8.5.12/it.unimi.dsi.fastutil.longs.AbstractLongCollection.forEach(AbstractLongCollection.java:153) ~[fastutil-8.5.12.jar%23130!/:?]
	at TRANSFORMER/minecraft@1.21.1/net.minecraft.world.level.entity.PersistentEntitySectionManager.autoSave(PersistentEntitySectionManager.java:272) ~[neoforge-21.1.65-minecraft-merged.jar%23183!/:?]
	at TRANSFORMER/minecraft@1.21.1/net.minecraft.server.level.ServerLevel.save(ServerLevel.java:823) ~[neoforge-21.1.65-minecraft-merged.jar%23183!/:?]
	at TRANSFORMER/minecraft@1.21.1/net.minecraft.server.MinecraftServer.saveAllChunks(MinecraftServer.java:551) ~[neoforge-21.1.65-minecraft-merged.jar%23183!/:?]
	at TRANSFORMER/minecraft@1.21.1/net.minecraft.server.MinecraftServer.saveEverything(MinecraftServer.java:576) ~[neoforge-21.1.65-minecraft-merged.jar%23183!/:?]
	at TRANSFORMER/minecraft@1.21.1/net.minecraft.client.server.IntegratedServer.saveEverything(IntegratedServer.java:303) ~[neoforge-21.1.65-minecraft-merged.jar%23183!/:?]
	at TRANSFORMER/minecraft@1.21.1/net.minecraft.client.server.IntegratedServer.tickServer(IntegratedServer.java:98) ~[neoforge-21.1.65-minecraft-merged.jar%23183!/:?]
	at TRANSFORMER/minecraft@1.21.1/net.minecraft.server.MinecraftServer.runServer(MinecraftServer.java:707) ~[neoforge-21.1.65-minecraft-merged.jar%23183!/:?]
	at TRANSFORMER/minecraft@1.21.1/net.minecraft.server.MinecraftServer.lambda$spin$2(MinecraftServer.java:267) ~[neoforge-21.1.65-minecraft-merged.jar%23183!/:?]
	at java.base/java.lang.Thread.run(Thread.java:1583) [?:?]
Caused by: java.lang.NullPointerException: Cannot invoke "java.util.UUID.getMostSignificantBits()" because "p_235882_" is null
	at TRANSFORMER/minecraft@1.21.1/net.minecraft.core.UUIDUtil.uuidToIntArray(UUIDUtil.java:63) ~[neoforge-21.1.65-minecraft-merged.jar%23183!/:?]
	at TRANSFORMER/minecraft@1.21.1/net.minecraft.nbt.NbtUtils.createUUID(NbtUtils.java:121) ~[neoforge-21.1.65-minecraft-merged.jar%23183!/:?]
	at TRANSFORMER/minecraft@1.21.1/net.minecraft.nbt.CompoundTag.putUUID(CompoundTag.java:241) ~[neoforge-21.1.65-minecraft-merged.jar%23183!/:?]
	at TRANSFORMER/prapor@1.3.5/net.knifick.praporupdate.entity.SuckerEntity.addAdditionalSaveData(SuckerEntity.java:160) ~[%23185!/:?]
	at TRANSFORMER/minecraft@1.21.1/net.minecraft.world.entity.Entity.saveWithoutId(Entity.java:1723) ~[neoforge-21.1.65-minecraft-merged.jar%23183!/:?]
	... 20 more
[16авг.2025 18:32:03.087] [Server thread/DEBUG] [oshi.util.FileUtil/]: No oshi.architecture.properties file found from ClassLoader cpw.mods.modlauncher.TransformingClassLoader@718dbd79
[16авг.2025 18:32:03.116] [Server thread/ERROR] [net.minecraft.world.level.chunk.storage.EntityStorage/]: An Entity type entity.prapor.sucker has thrown an exception trying to write state. It will not persist. Report this to the mod author
net.minecraft.ReportedException: Saving entity NBT
	at TRANSFORMER/minecraft@1.21.1/net.minecraft.world.entity.Entity.saveWithoutId(Entity.java:1744) ~[neoforge-21.1.65-minecraft-merged.jar%23183!/:?]
	at TRANSFORMER/minecraft@1.21.1/net.minecraft.world.entity.Entity.saveAsPassenger(Entity.java:1651) ~[neoforge-21.1.65-minecraft-merged.jar%23183!/:?]
	at TRANSFORMER/minecraft@1.21.1/net.minecraft.world.entity.Entity.save(Entity.java:1658) ~[neoforge-21.1.65-minecraft-merged.jar%23183!/:?]
	at TRANSFORMER/minecraft@1.21.1/net.minecraft.world.level.chunk.storage.EntityStorage.lambda$storeEntities$1(EntityStorage.java:98) ~[neoforge-21.1.65-minecraft-merged.jar%23183!/:?]
	at java.base/java.util.ArrayList$ArrayListSpliterator.forEachRemaining(ArrayList.java:1708) ~[?:?]
	at java.base/java.util.stream.ReferencePipeline$Head.forEach(ReferencePipeline.java:762) ~[?:?]
	at TRANSFORMER/minecraft@1.21.1/net.minecraft.world.level.chunk.storage.EntityStorage.storeEntities(EntityStorage.java:95) ~[neoforge-21.1.65-minecraft-merged.jar%23183!/:?]
	at TRANSFORMER/minecraft@1.21.1/net.minecraft.world.level.entity.PersistentEntitySectionManager.storeChunkSections(PersistentEntitySectionManager.java:208) ~[neoforge-21.1.65-minecraft-merged.jar%23183!/:?]
	at TRANSFORMER/minecraft@1.21.1/net.minecraft.world.level.entity.PersistentEntitySectionManager.lambda$autoSave$13(PersistentEntitySectionManager.java:277) ~[neoforge-21.1.65-minecraft-merged.jar%23183!/:?]
	at MC-BOOTSTRAP/it.unimi.dsi.fastutil@8.5.12/it.unimi.dsi.fastutil.longs.LongOpenHashSet.forEach(LongOpenHashSet.java:762) ~[fastutil-8.5.12.jar%23130!/:?]
	at MC-BOOTSTRAP/it.unimi.dsi.fastutil@8.5.12/it.unimi.dsi.fastutil.longs.LongIterable.forEach(LongIterable.java:146) ~[fastutil-8.5.12.jar%23130!/:?]
	at MC-BOOTSTRAP/it.unimi.dsi.fastutil@8.5.12/it.unimi.dsi.fastutil.longs.AbstractLongCollection.forEach(AbstractLongCollection.java:153) ~[fastutil-8.5.12.jar%23130!/:?]
	at TRANSFORMER/minecraft@1.21.1/net.minecraft.world.level.entity.PersistentEntitySectionManager.autoSave(PersistentEntitySectionManager.java:272) ~[neoforge-21.1.65-minecraft-merged.jar%23183!/:?]
	at TRANSFORMER/minecraft@1.21.1/net.minecraft.server.level.ServerLevel.save(ServerLevel.java:823) ~[neoforge-21.1.65-minecraft-merged.jar%23183!/:?]
	at TRANSFORMER/minecraft@1.21.1/net.minecraft.server.MinecraftServer.saveAllChunks(MinecraftServer.java:551) ~[neoforge-21.1.65-minecraft-merged.jar%23183!/:?]
	at TRANSFORMER/minecraft@1.21.1/net.minecraft.server.MinecraftServer.saveEverything(MinecraftServer.java:576) ~[neoforge-21.1.65-minecraft-merged.jar%23183!/:?]
	at TRANSFORMER/minecraft@1.21.1/net.minecraft.client.server.IntegratedServer.saveEverything(IntegratedServer.java:303) ~[neoforge-21.1.65-minecraft-merged.jar%23183!/:?]
	at TRANSFORMER/minecraft@1.21.1/net.minecraft.client.server.IntegratedServer.tickServer(IntegratedServer.java:98) ~[neoforge-21.1.65-minecraft-merged.jar%23183!/:?]
	at TRANSFORMER/minecraft@1.21.1/net.minecraft.server.MinecraftServer.runServer(MinecraftServer.java:707) ~[neoforge-21.1.65-minecraft-merged.jar%23183!/:?]
	at TRANSFORMER/minecraft@1.21.1/net.minecraft.server.MinecraftServer.lambda$spin$2(MinecraftServer.java:267) ~[neoforge-21.1.65-minecraft-merged.jar%23183!/:?]
	at java.base/java.lang.Thread.run(Thread.java:1583) [?:?]
Caused by: java.lang.NullPointerException: Cannot invoke "java.util.UUID.getMostSignificantBits()" because "p_235882_" is null
	at TRANSFORMER/minecraft@1.21.1/net.minecraft.core.UUIDUtil.uuidToIntArray(UUIDUtil.java:63) ~[neoforge-21.1.65-minecraft-merged.jar%23183!/:?]
	at TRANSFORMER/minecraft@1.21.1/net.minecraft.nbt.NbtUtils.createUUID(NbtUtils.java:121) ~[neoforge-21.1.65-minecraft-merged.jar%23183!/:?]
	at TRANSFORMER/minecraft@1.21.1/net.minecraft.nbt.CompoundTag.putUUID(CompoundTag.java:241) ~[neoforge-21.1.65-minecraft-merged.jar%23183!/:?]
	at TRANSFORMER/prapor@1.3.5/net.knifick.praporupdate.entity.SuckerEntity.addAdditionalSaveData(SuckerEntity.java:160) ~[%23185!/:?]
	at TRANSFORMER/minecraft@1.21.1/net.minecraft.world.entity.Entity.saveWithoutId(Entity.java:1723) ~[neoforge-21.1.65-minecraft-merged.jar%23183!/:?]
	... 20 more
[16авг.2025 18:32:03.119] [Server thread/INFO] [net.minecraft.server.MinecraftServer/]: Saving chunks for level 'ServerLevel[Новый мир]'/minecraft:the_nether
[16авг.2025 18:32:03.469] [Server thread/INFO] [net.minecraft.server.MinecraftServer/]: Saving chunks for level 'ServerLevel[Новый мир]'/minecraft:the_end
[16авг.2025 18:32:03.652] [Server thread/DEBUG] [net.neoforged.neoforge.common.CommonHooks/WP]: Gathered mod list to write to world save Новый мир
[16авг.2025 18:35:27.490] [Server thread/INFO] [net.minecraft.server.MinecraftServer/]: [Dev: Ваш режим игры изменён на Режим выживания]
[16авг.2025 18:35:27.491] [Render thread/INFO] [net.minecraft.client.gui.components.ChatComponent/]: [System] [CHAT] Ваш режим игры изменён на Режим выживания
[16авг.2025 18:35:29.767] [Server thread/INFO] [net.minecraft.server.MinecraftServer/]: Dev был убит Тёмный железень
[16авг.2025 18:35:29.779] [Render thread/INFO] [net.minecraft.client.gui.components.ChatComponent/]: [System] [CHAT] Dev был убит Тёмный железень
[16авг.2025 18:35:32.798] [Server thread/DEBUG] [oshi.util.FileUtil/]: No oshi.architecture.properties file found from ClassLoader cpw.mods.modlauncher.TransformingClassLoader@718dbd79
[16авг.2025 18:35:32.818] [Server thread/ERROR] [net.minecraft.world.level.chunk.storage.EntityStorage/]: An Entity type entity.prapor.sucker has thrown an exception trying to write state. It will not persist. Report this to the mod author
net.minecraft.ReportedException: Saving entity NBT
	at TRANSFORMER/minecraft@1.21.1/net.minecraft.world.entity.Entity.saveWithoutId(Entity.java:1744) ~[neoforge-21.1.65-minecraft-merged.jar%23183!/:?]
	at TRANSFORMER/minecraft@1.21.1/net.minecraft.world.entity.Entity.saveAsPassenger(Entity.java:1651) ~[neoforge-21.1.65-minecraft-merged.jar%23183!/:?]
	at TRANSFORMER/minecraft@1.21.1/net.minecraft.world.entity.Entity.save(Entity.java:1658) ~[neoforge-21.1.65-minecraft-merged.jar%23183!/:?]
	at TRANSFORMER/minecraft@1.21.1/net.minecraft.world.level.chunk.storage.EntityStorage.lambda$storeEntities$1(EntityStorage.java:98) ~[neoforge-21.1.65-minecraft-merged.jar%23183!/:?]
	at java.base/java.util.ArrayList$ArrayListSpliterator.forEachRemaining(ArrayList.java:1708) ~[?:?]
	at java.base/java.util.stream.ReferencePipeline$Head.forEach(ReferencePipeline.java:762) ~[?:?]
	at TRANSFORMER/minecraft@1.21.1/net.minecraft.world.level.chunk.storage.EntityStorage.storeEntities(EntityStorage.java:95) ~[neoforge-21.1.65-minecraft-merged.jar%23183!/:?]
	at TRANSFORMER/minecraft@1.21.1/net.minecraft.world.level.entity.PersistentEntitySectionManager.storeChunkSections(PersistentEntitySectionManager.java:208) ~[neoforge-21.1.65-minecraft-merged.jar%23183!/:?]
	at TRANSFORMER/minecraft@1.21.1/net.minecraft.world.level.entity.PersistentEntitySectionManager.processChunkUnload(PersistentEntitySectionManager.java:225) ~[neoforge-21.1.65-minecraft-merged.jar%23183!/:?]
	at TRANSFORMER/minecraft@1.21.1/net.minecraft.world.level.entity.PersistentEntitySectionManager.lambda$processUnloads$10(PersistentEntitySectionManager.java:240) ~[neoforge-21.1.65-minecraft-merged.jar%23183!/:?]
	at MC-BOOTSTRAP/it.unimi.dsi.fastutil@8.5.12/it.unimi.dsi.fastutil.longs.LongCollection.removeIf(LongCollection.java:274) ~[fastutil-8.5.12.jar%23130!/:?]
	at MC-BOOTSTRAP/it.unimi.dsi.fastutil@8.5.12/it.unimi.dsi.fastutil.longs.LongCollection.removeIf(LongCollection.java:306) ~[fastutil-8.5.12.jar%23130!/:?]
	at MC-BOOTSTRAP/it.unimi.dsi.fastutil@8.5.12/it.unimi.dsi.fastutil.longs.AbstractLongCollection.removeIf(AbstractLongCollection.java:163) ~[fastutil-8.5.12.jar%23130!/:?]
	at TRANSFORMER/minecraft@1.21.1/net.minecraft.world.level.entity.PersistentEntitySectionManager.processUnloads(PersistentEntitySectionManager.java:240) ~[neoforge-21.1.65-minecraft-merged.jar%23183!/:?]
	at TRANSFORMER/minecraft@1.21.1/net.minecraft.world.level.entity.PersistentEntitySectionManager.tick(PersistentEntitySectionManager.java:256) ~[neoforge-21.1.65-minecraft-merged.jar%23183!/:?]
	at TRANSFORMER/minecraft@1.21.1/net.minecraft.server.level.ServerLevel.tick(ServerLevel.java:432) ~[neoforge-21.1.65-minecraft-merged.jar%23183!/:?]
	at TRANSFORMER/minecraft@1.21.1/net.minecraft.server.MinecraftServer.tickChildren(MinecraftServer.java:1037) ~[neoforge-21.1.65-minecraft-merged.jar%23183!/:?]
	at TRANSFORMER/minecraft@1.21.1/net.minecraft.server.MinecraftServer.tickServer(MinecraftServer.java:917) ~[neoforge-21.1.65-minecraft-merged.jar%23183!/:?]
	at TRANSFORMER/minecraft@1.21.1/net.minecraft.client.server.IntegratedServer.tickServer(IntegratedServer.java:110) ~[neoforge-21.1.65-minecraft-merged.jar%23183!/:?]
	at TRANSFORMER/minecraft@1.21.1/net.minecraft.server.MinecraftServer.runServer(MinecraftServer.java:707) ~[neoforge-21.1.65-minecraft-merged.jar%23183!/:?]
	at TRANSFORMER/minecraft@1.21.1/net.minecraft.server.MinecraftServer.lambda$spin$2(MinecraftServer.java:267) ~[neoforge-21.1.65-minecraft-merged.jar%23183!/:?]
	at java.base/java.lang.Thread.run(Thread.java:1583) [?:?]
Caused by: java.lang.NullPointerException: Cannot invoke "java.util.UUID.getMostSignificantBits()" because "p_235882_" is null
	at TRANSFORMER/minecraft@1.21.1/net.minecraft.core.UUIDUtil.uuidToIntArray(UUIDUtil.java:63) ~[neoforge-21.1.65-minecraft-merged.jar%23183!/:?]
	at TRANSFORMER/minecraft@1.21.1/net.minecraft.nbt.NbtUtils.createUUID(NbtUtils.java:121) ~[neoforge-21.1.65-minecraft-merged.jar%23183!/:?]
	at TRANSFORMER/minecraft@1.21.1/net.minecraft.nbt.CompoundTag.putUUID(CompoundTag.java:241) ~[neoforge-21.1.65-minecraft-merged.jar%23183!/:?]
	at TRANSFORMER/prapor@1.3.5/net.knifick.praporupdate.entity.SuckerEntity.addAdditionalSaveData(SuckerEntity.java:160) ~[%23185!/:?]
	at TRANSFORMER/minecraft@1.21.1/net.minecraft.world.entity.Entity.saveWithoutId(Entity.java:1723) ~[neoforge-21.1.65-minecraft-merged.jar%23183!/:?]
	... 21 more
[16авг.2025 18:35:32.837] [Server thread/DEBUG] [oshi.util.FileUtil/]: No oshi.architecture.properties file found from ClassLoader cpw.mods.modlauncher.TransformingClassLoader@718dbd79
[16авг.2025 18:35:32.858] [Server thread/ERROR] [net.minecraft.world.level.chunk.storage.EntityStorage/]: An Entity type entity.prapor.sucker has thrown an exception trying to write state. It will not persist. Report this to the mod author
net.minecraft.ReportedException: Saving entity NBT
	at TRANSFORMER/minecraft@1.21.1/net.minecraft.world.entity.Entity.saveWithoutId(Entity.java:1744) ~[neoforge-21.1.65-minecraft-merged.jar%23183!/:?]
	at TRANSFORMER/minecraft@1.21.1/net.minecraft.world.entity.Entity.saveAsPassenger(Entity.java:1651) ~[neoforge-21.1.65-minecraft-merged.jar%23183!/:?]
	at TRANSFORMER/minecraft@1.21.1/net.minecraft.world.entity.Entity.save(Entity.java:1658) ~[neoforge-21.1.65-minecraft-merged.jar%23183!/:?]
	at TRANSFORMER/minecraft@1.21.1/net.minecraft.world.level.chunk.storage.EntityStorage.lambda$storeEntities$1(EntityStorage.java:98) ~[neoforge-21.1.65-minecraft-merged.jar%23183!/:?]
	at java.base/java.util.ArrayList$ArrayListSpliterator.forEachRemaining(ArrayList.java:1708) ~[?:?]
	at java.base/java.util.stream.ReferencePipeline$Head.forEach(ReferencePipeline.java:762) ~[?:?]
	at TRANSFORMER/minecraft@1.21.1/net.minecraft.world.level.chunk.storage.EntityStorage.storeEntities(EntityStorage.java:95) ~[neoforge-21.1.65-minecraft-merged.jar%23183!/:?]
	at TRANSFORMER/minecraft@1.21.1/net.minecraft.world.level.entity.PersistentEntitySectionManager.storeChunkSections(PersistentEntitySectionManager.java:208) ~[neoforge-21.1.65-minecraft-merged.jar%23183!/:?]
	at TRANSFORMER/minecraft@1.21.1/net.minecraft.world.level.entity.PersistentEntitySectionManager.processChunkUnload(PersistentEntitySectionManager.java:225) ~[neoforge-21.1.65-minecraft-merged.jar%23183!/:?]
	at TRANSFORMER/minecraft@1.21.1/net.minecraft.world.level.entity.PersistentEntitySectionManager.lambda$processUnloads$10(PersistentEntitySectionManager.java:240) ~[neoforge-21.1.65-minecraft-merged.jar%23183!/:?]
	at MC-BOOTSTRAP/it.unimi.dsi.fastutil@8.5.12/it.unimi.dsi.fastutil.longs.LongCollection.removeIf(LongCollection.java:274) ~[fastutil-8.5.12.jar%23130!/:?]
	at MC-BOOTSTRAP/it.unimi.dsi.fastutil@8.5.12/it.unimi.dsi.fastutil.longs.LongCollection.removeIf(LongCollection.java:306) ~[fastutil-8.5.12.jar%23130!/:?]
	at MC-BOOTSTRAP/it.unimi.dsi.fastutil@8.5.12/it.unimi.dsi.fastutil.longs.AbstractLongCollection.removeIf(AbstractLongCollection.java:163) ~[fastutil-8.5.12.jar%23130!/:?]
	at TRANSFORMER/minecraft@1.21.1/net.minecraft.world.level.entity.PersistentEntitySectionManager.processUnloads(PersistentEntitySectionManager.java:240) ~[neoforge-21.1.65-minecraft-merged.jar%23183!/:?]
	at TRANSFORMER/minecraft@1.21.1/net.minecraft.world.level.entity.PersistentEntitySectionManager.tick(PersistentEntitySectionManager.java:256) ~[neoforge-21.1.65-minecraft-merged.jar%23183!/:?]
	at TRANSFORMER/minecraft@1.21.1/net.minecraft.server.level.ServerLevel.tick(ServerLevel.java:432) ~[neoforge-21.1.65-minecraft-merged.jar%23183!/:?]
	at TRANSFORMER/minecraft@1.21.1/net.minecraft.server.MinecraftServer.tickChildren(MinecraftServer.java:1037) ~[neoforge-21.1.65-minecraft-merged.jar%23183!/:?]
	at TRANSFORMER/minecraft@1.21.1/net.minecraft.server.MinecraftServer.tickServer(MinecraftServer.java:917) ~[neoforge-21.1.65-minecraft-merged.jar%23183!/:?]
	at TRANSFORMER/minecraft@1.21.1/net.minecraft.client.server.IntegratedServer.tickServer(IntegratedServer.java:110) ~[neoforge-21.1.65-minecraft-merged.jar%23183!/:?]
	at TRANSFORMER/minecraft@1.21.1/net.minecraft.server.MinecraftServer.runServer(MinecraftServer.java:707) ~[neoforge-21.1.65-minecraft-merged.jar%23183!/:?]
	at TRANSFORMER/minecraft@1.21.1/net.minecraft.server.MinecraftServer.lambda$spin$2(MinecraftServer.java:267) ~[neoforge-21.1.65-minecraft-merged.jar%23183!/:?]
	at java.base/java.lang.Thread.run(Thread.java:1583) [?:?]
Caused by: java.lang.NullPointerException: Cannot invoke "java.util.UUID.getMostSignificantBits()" because "p_235882_" is null
	at TRANSFORMER/minecraft@1.21.1/net.minecraft.core.UUIDUtil.uuidToIntArray(UUIDUtil.java:63) ~[neoforge-21.1.65-minecraft-merged.jar%23183!/:?]
	at TRANSFORMER/minecraft@1.21.1/net.minecraft.nbt.NbtUtils.createUUID(NbtUtils.java:121) ~[neoforge-21.1.65-minecraft-merged.jar%23183!/:?]
	at TRANSFORMER/minecraft@1.21.1/net.minecraft.nbt.CompoundTag.putUUID(CompoundTag.java:241) ~[neoforge-21.1.65-minecraft-merged.jar%23183!/:?]
	at TRANSFORMER/prapor@1.3.5/net.knifick.praporupdate.entity.SuckerEntity.addAdditionalSaveData(SuckerEntity.java:160) ~[%23185!/:?]
	at TRANSFORMER/minecraft@1.21.1/net.minecraft.world.entity.Entity.saveWithoutId(Entity.java:1723) ~[neoforge-21.1.65-minecraft-merged.jar%23183!/:?]
	... 21 more
[16авг.2025 18:35:32.871] [Server thread/WARN] [net.minecraft.server.MinecraftServer/]: Can't keep up! Is the server overloaded? Running 2014ms or 40 ticks behind
[16авг.2025 18:35:34.350] [Server thread/INFO] [net.minecraft.server.MinecraftServer/]: [Dev: Ваш режим игры изменён на Творческий режим]
[16авг.2025 18:35:34.350] [Render thread/INFO] [net.minecraft.client.gui.components.ChatComponent/]: [System] [CHAT] Ваш режим игры изменён на Творческий режим
[16авг.2025 18:35:34.376] [Server thread/WARN] [net.minecraft.server.level.ServerEntity/]: Fetching packet for removed entity ItemEntity['Воздух'/1255, l='ServerLevel[Новый мир]', x=-43.50, y=76.50, z=6.15, removed=DISCARDED]
[16авг.2025 18:35:34.386] [Server thread/WARN] [net.minecraft.server.level.ServerEntity/]: Fetching packet for removed entity ItemEntity['Воздух'/4699, l='ServerLevel[Новый мир]', x=-43.50, y=76.50, z=6.15, removed=DISCARDED]
[16авг.2025 18:35:36.693] [Server thread/INFO] [net.minecraft.server.MinecraftServer/]: [Dev: Ваш режим игры изменён на Режим выживания]
[16авг.2025 18:35:36.698] [Render thread/INFO] [net.minecraft.client.gui.components.ChatComponent/]: [System] [CHAT] Ваш режим игры изменён на Режим выживания
[16авг.2025 18:35:44.114] [Server thread/INFO] [net.minecraft.server.MinecraftServer/]: Dev был убит Тёмный железень
[16авг.2025 18:35:44.121] [Render thread/INFO] [net.minecraft.client.gui.components.ChatComponent/]: [System] [CHAT] Dev был убит Тёмный железень
[16авг.2025 18:35:45.501] [Server thread/WARN] [net.minecraft.server.level.ServerEntity/]: Fetching packet for removed entity ItemEntity['Воздух'/1255, l='ServerLevel[Новый мир]', x=-43.50, y=76.50, z=6.15, removed=DISCARDED]
[16авг.2025 18:35:45.501] [Server thread/WARN] [net.minecraft.server.level.ServerEntity/]: Fetching packet for removed entity ItemEntity['Воздух'/4699, l='ServerLevel[Новый мир]', x=-43.50, y=76.50, z=6.15, removed=DISCARDED]
[16авг.2025 18:35:45.512] [Server thread/WARN] [net.minecraft.server.level.ServerEntity/]: Fetching packet for removed entity ItemEntity['Воздух'/6443, l='ServerLevel[Новый мир]', x=-43.50, y=76.50, z=6.15, removed=DISCARDED]
[16авг.2025 18:35:46.642] [Server thread/INFO] [net.minecraft.server.MinecraftServer/]: [Dev: Ваш режим игры изменён на Творческий режим]
[16авг.2025 18:35:46.650] [Render thread/INFO] [net.minecraft.client.gui.components.ChatComponent/]: [System] [CHAT] Ваш режим игры изменён на Творческий режим
[16авг.2025 18:36:09.724] [Render thread/INFO] [net.minecraft.advancements.AdvancementTree/]: Loaded 169 advancements
[16авг.2025 18:36:16.067] [Server thread/INFO] [net.minecraft.server.MinecraftServer/]: [Dev: Ваш режим игры изменён на Режим выживания]
[16авг.2025 18:36:16.068] [Render thread/INFO] [net.minecraft.client.gui.components.ChatComponent/]: [System] [CHAT] Ваш режим игры изменён на Режим выживания
[16авг.2025 18:36:18.361] [Server thread/INFO] [net.minecraft.server.MinecraftServer/]: Dev был убит Тёмный железень
[16авг.2025 18:36:18.373] [Render thread/INFO] [net.minecraft.client.gui.components.ChatComponent/]: [System] [CHAT] Dev был убит Тёмный железень
[16авг.2025 18:36:19.484] [Server thread/WARN] [net.minecraft.server.level.ServerEntity/]: Fetching packet for removed entity ItemEntity['Воздух'/1255, l='ServerLevel[Новый мир]', x=-43.50, y=76.50, z=6.15, removed=DISCARDED]
[16авг.2025 18:36:19.484] [Server thread/WARN] [net.minecraft.server.level.ServerEntity/]: Fetching packet for removed entity ItemEntity['Воздух'/4699, l='ServerLevel[Новый мир]', x=-43.50, y=76.50, z=6.15, removed=DISCARDED]
[16авг.2025 18:36:19.485] [Server thread/WARN] [net.minecraft.server.level.ServerEntity/]: Fetching packet for removed entity ItemEntity['Воздух'/6443, l='ServerLevel[Новый мир]', x=-43.50, y=76.50, z=6.15, removed=DISCARDED]
[16авг.2025 18:36:19.519] [Server thread/WARN] [net.minecraft.server.level.ServerEntity/]: Fetching packet for removed entity ItemEntity['Воздух'/10436, l='ServerLevel[Новый мир]', x=-43.50, y=76.50, z=6.15, removed=DISCARDED]
[16авг.2025 18:36:22.281] [Server thread/INFO] [net.minecraft.server.MinecraftServer/]: [Dev: Ваш режим игры изменён на Творческий режим]
[16авг.2025 18:36:22.287] [Render thread/INFO] [net.minecraft.client.gui.components.ChatComponent/]: [System] [CHAT] Ваш режим игры изменён на Творческий режим
[16авг.2025 18:36:26.069] [Server thread/INFO] [net.minecraft.server.MinecraftServer/]: [Dev: Ваш режим игры изменён на Режим выживания]
[16авг.2025 18:36:26.070] [Render thread/INFO] [net.minecraft.client.gui.components.ChatComponent/]: [System] [CHAT] Ваш режим игры изменён на Режим выживания
[16авг.2025 18:36:37.296] [Server thread/DEBUG] [net.neoforged.neoforge.common.CommonHooks/WP]: Gathered mod list to write to world save Новый мир
[16авг.2025 18:36:40.066] [Server thread/INFO] [net.minecraft.server.MinecraftServer/]: [Dev: Ваш режим игры изменён на Творческий режим]
[16авг.2025 18:36:40.070] [Render thread/INFO] [net.minecraft.client.gui.components.ChatComponent/]: [System] [CHAT] Ваш режим игры изменён на Творческий режим
[16авг.2025 18:36:43.757] [Server thread/INFO] [net.minecraft.client.server.IntegratedServer/]: Saving and pausing game...
[16авг.2025 18:36:43.780] [Server thread/INFO] [net.minecraft.server.MinecraftServer/]: Saving chunks for level 'ServerLevel[Новый мир]'/minecraft:overworld
[16авг.2025 18:36:43.834] [Server thread/INFO] [net.minecraft.server.MinecraftServer/]: Saving chunks for level 'ServerLevel[Новый мир]'/minecraft:the_nether
[16авг.2025 18:36:43.976] [Server thread/INFO] [net.minecraft.server.MinecraftServer/]: Saving chunks for level 'ServerLevel[Новый мир]'/minecraft:the_end
[16авг.2025 18:36:44.146] [Server thread/DEBUG] [net.neoforged.neoforge.common.CommonHooks/WP]: Gathered mod list to write to world save Новый мир
[16авг.2025 18:36:44.273] [Server thread/INFO] [net.minecraft.server.network.ServerGamePacketListenerImpl/]: Dev lost connection: Отключение
[16авг.2025 18:36:44.273] [Server thread/INFO] [net.minecraft.server.MinecraftServer/]: Dev покинул игру
[16авг.2025 18:36:44.500] [Server thread/INFO] [net.minecraft.server.network.ServerCommonPacketListenerImpl/]: Stopping singleplayer server as player logged out
[16авг.2025 18:36:44.509] [Server thread/INFO] [net.minecraft.server.MinecraftServer/]: Stopping server
[16авг.2025 18:36:44.509] [Server thread/INFO] [net.minecraft.server.MinecraftServer/]: Saving players
[16авг.2025 18:36:44.509] [Server thread/INFO] [net.minecraft.server.MinecraftServer/]: Saving worlds
[16авг.2025 18:36:45.531] [Server thread/INFO] [net.minecraft.server.MinecraftServer/]: Saving chunks for level 'ServerLevel[Новый мир]'/minecraft:overworld
[16авг.2025 18:36:47.075] [Server thread/INFO] [net.minecraft.server.MinecraftServer/]: Saving chunks for level 'ServerLevel[Новый мир]'/minecraft:the_nether
[16авг.2025 18:36:47.102] [Server thread/INFO] [net.minecraft.server.MinecraftServer/]: Saving chunks for level 'ServerLevel[Новый мир]'/minecraft:the_end
[16авг.2025 18:36:47.242] [Server thread/DEBUG] [net.neoforged.neoforge.common.CommonHooks/WP]: Gathered mod list to write to world save Новый мир
[16авг.2025 18:36:47.252] [Server thread/INFO] [net.minecraft.server.MinecraftServer/]: ThreadedAnvilChunkStorage (Новый мир (2)): All chunks are saved
[16авг.2025 18:36:47.253] [Server thread/INFO] [net.minecraft.server.MinecraftServer/]: ThreadedAnvilChunkStorage (DIM-1): All chunks are saved
[16авг.2025 18:36:47.253] [Server thread/INFO] [net.minecraft.server.MinecraftServer/]: ThreadedAnvilChunkStorage (DIM1): All chunks are saved
[16авг.2025 18:36:47.253] [Server thread/INFO] [net.minecraft.server.MinecraftServer/]: ThreadedAnvilChunkStorage: All dimensions are saved
[16авг.2025 18:36:48.455] [Server thread/DEBUG] [net.neoforged.fml.config.ConfigTracker/CONFIG]: Unloading configs type SERVER
[16авг.2025 18:36:50.527] [Render thread/INFO] [net.minecraft.world.item.crafting.RecipeManager/]: Loaded 1300 recipes
[16авг.2025 18:36:50.585] [Render thread/INFO] [net.minecraft.advancements.AdvancementTree/]: Loaded 1411 advancements
[16авг.2025 18:36:54.449] [Render thread/DEBUG] [net.neoforged.neoforge.common.CommonHooks/WP]: Gathered mod list to write to world save Новый мир
[16авг.2025 18:36:54.468] [Server thread/INFO] [net.minecraft.client.server.IntegratedServer/]: Starting integrated minecraft server version 1.21.1
[16авг.2025 18:36:54.469] [Server thread/INFO] [net.minecraft.server.MinecraftServer/]: Generating keypair
[16авг.2025 18:36:54.581] [Server thread/DEBUG] [net.neoforged.fml.config.ConfigTracker/CONFIG]: Loading configs type SERVER
[16авг.2025 18:36:54.583] [Server thread/DEBUG] [net.neoforged.neoforge.common.NeoForgeConfig/FORGEMOD]: Loaded NeoForge config file neoforge-server.toml
[16авг.2025 18:36:54.583] [Server thread/DEBUG] [net.neoforged.fml.config.ConfigTracker/CONFIG]: Loaded TOML config file Z:\MCreatorWorkspaces\praporupdate\run\config\neoforge-server.toml
[16авг.2025 18:36:54.583] [Server thread/DEBUG] [net.neoforged.fml.config.ConfigTracker/CONFIG]: Watching TOML config file Z:\MCreatorWorkspaces\praporupdate\run\config\neoforge-server.toml for changes
[16авг.2025 18:36:54.797] [Server thread/INFO] [net.minecraft.server.MinecraftServer/]: Preparing start region for dimension minecraft:overworld
[16авг.2025 18:36:54.828] [progressListener/INFO] [net.minecraft.server.level.progress.LoggerChunkProgressListener/]: Подготовка области возрождения: 2%
[16авг.2025 18:36:54.863] [Server thread/INFO] [net.neoforged.neoforge.server.permission.PermissionAPI/]: Successfully initialized permission handler neoforge:default_handler
[16авг.2025 18:36:54.865] [Server thread/INFO] [net.minecraft.client.server.IntegratedServer/]: Changing view distance to 21, from 10
[16авг.2025 18:36:54.865] [Server thread/INFO] [net.minecraft.client.server.IntegratedServer/]: Changing simulation distance to 12, from 0
[16авг.2025 18:36:54.866] [progressListener/INFO] [net.minecraft.server.level.progress.LoggerChunkProgressListener/]: Time elapsed: 56 ms
[16авг.2025 18:36:54.976] [Netty Server IO #3/DEBUG] [net.neoforged.neoforge.network.filters.NetworkFilters/]: Injected net.neoforged.neoforge.network.filters.GenericPacketSplitter@34c24d82 into net.minecraft.network.Connection@19584b0a
[16авг.2025 18:36:54.978] [Netty Local Client IO #1/DEBUG] [net.neoforged.neoforge.network.filters.NetworkFilters/]: Injected net.neoforged.neoforge.network.filters.GenericPacketSplitter@276f3e79 into net.minecraft.network.Connection@90a180e
[16авг.2025 18:36:55.132] [Netty Server IO #3/DEBUG] [net.neoforged.neoforge.network.filters.NetworkFilters/]: Injected net.neoforged.neoforge.network.filters.GenericPacketSplitter@278f22c0 into net.minecraft.network.Connection@19584b0a
[16авг.2025 18:36:55.147] [Server thread/INFO] [net.minecraft.server.players.PlayerList/]: Dev[local:E:35eb15b7] logged in with entity id 13183 at (0.5, -60.0, 4.5)
[16авг.2025 18:36:55.156] [Server thread/INFO] [net.minecraft.server.MinecraftServer/]: Dev присоединился к игре
[16авг.2025 18:36:55.299] [Render thread/INFO] [net.minecraft.advancements.AdvancementTree/]: Loaded 2 advancements
[16авг.2025 18:36:55.302] [Render thread/INFO] [net.minecraft.advancements.AdvancementTree/]: Loaded 14 advancements
[16авг.2025 18:37:03.179] [Server thread/INFO] [net.minecraft.server.MinecraftServer/]: [Dev: Ваш режим игры изменён на Режим выживания]
[16авг.2025 18:37:03.180] [Render thread/INFO] [net.minecraft.client.gui.components.ChatComponent/]: [System] [CHAT] Ваш режим игры изменён на Режим выживания
[16авг.2025 18:37:50.406] [Render thread/INFO] [net.minecraft.client.gui.components.ChatComponent/]: [System] [CHAT] [Отладка]: Хитбоксы: вкл.
[16авг.2025 18:37:56.019] [Render thread/INFO] [net.minecraft.client.gui.components.ChatComponent/]: [System] [CHAT] [Отладка]: Хитбоксы: выкл.
[16авг.2025 18:38:05.119] [Server thread/INFO] [net.minecraft.server.MinecraftServer/]: Dev был убит Тёмный железень
[16авг.2025 18:38:05.128] [Render thread/INFO] [net.minecraft.client.gui.components.ChatComponent/]: [System] [CHAT] Dev был убит Тёмный железень
[16авг.2025 18:38:05.177] [Render thread/INFO] [net.minecraft.advancements.AdvancementTree/]: Loaded 50 advancements
[16авг.2025 18:38:08.122] [Server thread/INFO] [net.minecraft.client.server.IntegratedServer/]: Saving and pausing game...
[16авг.2025 18:38:08.240] [Server thread/INFO] [net.minecraft.server.MinecraftServer/]: Saving chunks for level 'ServerLevel[Новый мир]'/minecraft:overworld
[16авг.2025 18:38:08.325] [Server thread/INFO] [net.minecraft.server.MinecraftServer/]: Saving chunks for level 'ServerLevel[Новый мир]'/minecraft:the_nether
[16авг.2025 18:38:08.563] [Server thread/INFO] [net.minecraft.server.MinecraftServer/]: Saving chunks for level 'ServerLevel[Новый мир]'/minecraft:the_end
[16авг.2025 18:38:08.790] [Server thread/DEBUG] [net.neoforged.neoforge.common.CommonHooks/WP]: Gathered mod list to write to world save Новый мир
[16авг.2025 19:03:40.729] [Render thread/INFO] [net.minecraft.client.Minecraft/]: Stopping!
[16авг.2025 19:03:40.882] [Server thread/INFO] [net.minecraft.server.network.ServerGamePacketListenerImpl/]: Dev lost connection: Отключение
[16авг.2025 19:03:40.883] [Server thread/INFO] [net.minecraft.server.MinecraftServer/]: Dev покинул игру
[16авг.2025 19:03:40.912] [Server thread/INFO] [net.minecraft.server.network.ServerCommonPacketListenerImpl/]: Stopping singleplayer server as player logged out
[16авг.2025 19:03:40.962] [Server thread/INFO] [net.minecraft.server.MinecraftServer/]: Stopping server
[16авг.2025 19:03:40.963] [Server thread/INFO] [net.minecraft.server.MinecraftServer/]: Saving players
[16авг.2025 19:03:40.963] [Server thread/INFO] [net.minecraft.server.MinecraftServer/]: Saving worlds
[16авг.2025 19:03:42.685] [Server thread/INFO] [net.minecraft.server.MinecraftServer/]: Saving chunks for level 'ServerLevel[Новый мир]'/minecraft:overworld
[16авг.2025 19:03:43.652] [Server thread/INFO] [net.minecraft.server.MinecraftServer/]: Saving chunks for level 'ServerLevel[Новый мир]'/minecraft:the_nether
[16авг.2025 19:03:43.678] [Server thread/INFO] [net.minecraft.server.MinecraftServer/]: Saving chunks for level 'ServerLevel[Новый мир]'/minecraft:the_end
[16авг.2025 19:03:43.713] [Server thread/DEBUG] [net.neoforged.neoforge.common.CommonHooks/WP]: Gathered mod list to write to world save Новый мир
[16авг.2025 19:03:43.730] [Server thread/INFO] [net.minecraft.server.MinecraftServer/]: ThreadedAnvilChunkStorage (Новый мир (3)): All chunks are saved
[16авг.2025 19:03:43.730] [Server thread/INFO] [net.minecraft.server.MinecraftServer/]: ThreadedAnvilChunkStorage (DIM-1): All chunks are saved
[16авг.2025 19:03:43.731] [Server thread/INFO] [net.minecraft.server.MinecraftServer/]: ThreadedAnvilChunkStorage (DIM1): All chunks are saved
[16авг.2025 19:03:43.731] [Server thread/INFO] [net.minecraft.server.MinecraftServer/]: ThreadedAnvilChunkStorage: All dimensions are saved
[16авг.2025 19:03:44.732] [Server thread/DEBUG] [net.neoforged.fml.config.ConfigTracker/CONFIG]: Unloading configs type SERVER
